Created on 08-17-2020,https://www.CryptoDataDownload.com
Unix Timestamp,Date,Symbol,Open,High,Low,Close,Volume XRP,Volume USD
1597622400.0,2020-08-17,XRPUSD,0.3047,0.306,0.2973,0.2987,2773784.46,835304.4
1597536000.0,2020-08-16,XRPUSD,0.2989,0.3048,0.292,0.3047,22590331.96,6745919.73
1597449600.0,2020-08-15,XRPUSD,0.3003,0.3055,0.2906,0.2989,22425828.83,6724462.69
1597363200.0,2020-08-14,XRPUSD,0.2951,0.3074,0.2902,0.3003,36410167.71,10895959.17
1597276800.0,2020-08-13,XRPUSD,0.2823,0.2957,0.2728,0.2951,28759126.28,8146714.55
1597190400.0,2020-08-12,XRPUSD,0.2829,0.2875,0.2721,0.2823,20407156.34,5743181.93
1597104000.0,2020-08-11,XRPUSD,0.2947,0.3075,0.2678,0.2829,40399350.14,11719046.47
1597017600.0,2020-08-10,XRPUSD,0.2879,0.3008,0.2848,0.2947,22244782.37,6558325.29
1596931200.0,2020-08-09,XRPUSD,0.2957,0.2984,0.2822,0.2879,18179513.63,5264545.65
1596844800.0,2020-08-08,XRPUSD,0.2947,0.2991,0.2906,0.2957,13799459.83,4065512.01
1596758400.0,2020-08-07,XRPUSD,0.3034,0.3105,0.2781,0.2947,33950956.21,10046274.28
1596672000.0,2020-08-06,XRPUSD,0.3028,0.3114,0.2974,0.3034,19144999.61,5821866.51
1596585600.0,2020-08-05,XRPUSD,0.3016,0.3088,0.2912,0.3028,27673975.91,8333356.79
1596499200.0,2020-08-04,XRPUSD,0.3103,0.3195,0.2912,0.3016,38612557.65,11768043.62
1596412800.0,2020-08-03,XRPUSD,0.288,0.32,0.2841,0.3103,54090485.58,16672666.38
1596326400.0,2020-08-02,XRPUSD,0.2914,0.3262,0.24,0.288,98293132.26,28754128.28
1596240000.0,2020-08-01,XRPUSD,0.2601,0.2982,0.2561,0.2914,62184183.45,17377586.41
1596153600.0,2020-07-31,XRPUSD,0.2446,0.2612,0.2421,0.2601,24985822.82,6250684.07
1596067200.0,2020-07-30,XRPUSD,0.2434,0.2498,0.235,0.2446,19951842.47,4858745.49
1595980800.0,2020-07-29,XRPUSD,0.2309,0.25,0.2299,0.2434,28536072.78,6893250.43
1595894400.0,2020-07-28,XRPUSD,0.2243,0.235,0.2172,0.2309,19955499.71,4515301.91
1595808000.0,2020-07-27,XRPUSD,0.2155,0.2295,0.209,0.2243,29684927.26,6530934.82
1595721600.0,2020-07-26,XRPUSD,0.2149,0.2253,0.213,0.2155,21921072.82,4783088.78
1595635200.0,2020-07-25,XRPUSD,0.2043,0.2178,0.2039,0.2149,11528627.77,2438427.72
1595548800.0,2020-07-24,XRPUSD,0.2086,0.2087,0.2019,0.2043,10545970.79,2160468.53
1595462400.0,2020-07-23,XRPUSD,0.2042,0.2105,0.202,0.2086,19598898.3,4040903.05
1595376000.0,2020-07-22,XRPUSD,0.1996,0.2048,0.1963,0.2042,11468163.42,2294188.14
1595289600.0,2020-07-21,XRPUSD,0.1948,0.2011,0.1942,0.1996,8895256.83,1765418.44
1595203200.0,2020-07-20,XRPUSD,0.1996,0.2003,0.1917,0.1948,8370877.9,1644937.43
1595116800.0,2020-07-19,XRPUSD,0.1997,0.2022,0.1958,0.1996,8950190.84,1774600.32
1595030400.0,2020-07-18,XRPUSD,0.1945,0.2019,0.1939,0.1997,9271839.4,1838441.45
1594944000.0,2020-07-17,XRPUSD,0.194,0.1977,0.1911,0.1945,10814391.77,2102949.71
1594857600.0,2020-07-16,XRPUSD,0.1972,0.1973,0.1885,0.194,11658006.71,2241516.94
1594771200.0,2020-07-15,XRPUSD,0.1989,0.1997,0.1965,0.1972,8948759.35,1769486.0
1594684800.0,2020-07-14,XRPUSD,0.1986,0.1996,0.1951,0.1989,7624675.79,1508636.94
1594598400.0,2020-07-13,XRPUSD,0.2011,0.2067,0.1921,0.1986,22966785.13,4587413.61
1594512000.0,2020-07-12,XRPUSD,0.2011,0.2039,0.1975,0.2011,8885703.94,1781480.42
1594425600.0,2020-07-11,XRPUSD,0.1988,0.2047,0.1981,0.2011,10016855.15,2011924.03
1594339200.0,2020-07-10,XRPUSD,0.2026,0.2026,0.1922,0.1988,15530607.67,3067563.15
1594252800.0,2020-07-09,XRPUSD,0.2055,0.2118,0.197,0.2026,24650254.56,4994505.6
1594166400.0,2020-07-08,XRPUSD,0.1852,0.2067,0.184,0.2055,34593697.85,6900666.87
1594080000.0,2020-07-07,XRPUSD,0.1887,0.1895,0.1831,0.1852,7222890.15,1343504.52
1593993600.0,2020-07-06,XRPUSD,0.1773,0.1892,0.1767,0.1887,11125570.12,2058376.62
1593907200.0,2020-07-05,XRPUSD,0.178,0.1788,0.174,0.1773,5539508.06,977681.55
1593820800.0,2020-07-04,XRPUSD,0.1764,0.1795,0.1761,0.178,3467680.82,617415.94
1593734400.0,2020-07-03,XRPUSD,0.1749,0.1785,0.1745,0.1764,4773213.07,844176.37
1593648000.0,2020-07-02,XRPUSD,0.1766,0.1773,0.1723,0.1749,7375360.68,1289764.74
1593561600.0,2020-07-01,XRPUSD,0.1754,0.1783,0.1738,0.1766,6690255.73,1178086.83
1593475200.0,2020-06-30,XRPUSD,0.1774,0.1777,0.1749,0.1754,6716179.66,1183340.53
1593388800.0,2020-06-29,XRPUSD,0.1768,0.1791,0.1749,0.1774,11569783.66,2046802.27
1593302400.0,2020-06-28,XRPUSD,0.1751,0.1797,0.1733,0.1768,6254873.4,1109334.22
1593216000.0,2020-06-27,XRPUSD,0.1825,0.1832,0.169,0.1751,13938490.42,2450450.07
1593129600.0,2020-06-26,XRPUSD,0.1814,0.1868,0.1783,0.1825,11210392.75,2036027.13
1593043200.0,2020-06-25,XRPUSD,0.1833,0.1839,0.1784,0.1814,8205608.24,1491252.16
1592956800.0,2020-06-24,XRPUSD,0.1888,0.19,0.1814,0.1833,8569925.11,1584214.52
1592870400.0,2020-06-23,XRPUSD,0.1899,0.1905,0.1884,0.1888,7288598.15,1377474.54
1592784000.0,2020-06-22,XRPUSD,0.1857,0.1905,0.1857,0.1899,10821989.0,2041750.05
1592697600.0,2020-06-21,XRPUSD,0.1878,0.1882,0.1855,0.1857,2650177.32,495352.24
1592611200.0,2020-06-20,XRPUSD,0.1869,0.1889,0.1848,0.1878,4116504.46,770392.74
1592524800.0,2020-06-19,XRPUSD,0.1896,0.19,0.1863,0.1869,6293378.0,1184520.12
1592438400.0,2020-06-18,XRPUSD,0.1931,0.1931,0.1881,0.1896,8414301.9,1603443.88
1592352000.0,2020-06-17,XRPUSD,0.1924,0.1987,0.1884,0.1931,13177761.66,2539411.99
1592265600.0,2020-06-16,XRPUSD,0.1926,0.1941,0.1901,0.1924,10473653.21,2010130.4
1592179200.0,2020-06-15,XRPUSD,0.1902,0.1936,0.182,0.1926,11116338.93,2087393.57
1592092800.0,2020-06-14,XRPUSD,0.1927,0.1927,0.1888,0.1902,4142703.53,791121.6
1592006400.0,2020-06-13,XRPUSD,0.1929,0.1938,0.191,0.1927,4230313.88,812934.2
1591920000.0,2020-06-12,XRPUSD,0.1888,0.1949,0.1866,0.1929,9465072.58,1819451.15
1591833600.0,2020-06-11,XRPUSD,0.2026,0.2035,0.183,0.1888,18136941.1,3500917.5
1591747200.0,2020-06-10,XRPUSD,0.2014,0.2041,0.2,0.2026,5642782.05,1138975.37
1591660800.0,2020-06-09,XRPUSD,0.2043,0.2056,0.2003,0.2014,8000301.07,1617969.95
1591574400.0,2020-06-08,XRPUSD,0.2033,0.2045,0.2014,0.2043,5629728.66,1141154.87
1591488000.0,2020-06-07,XRPUSD,0.2038,0.2049,0.1986,0.2033,7617485.85,1538072.94
1591401600.0,2020-06-06,XRPUSD,0.2028,0.2048,0.2013,0.2038,5059707.22,1026566.74
1591315200.0,2020-06-05,XRPUSD,0.2043,0.2057,0.2013,0.2028,6104665.02,1241054.52
1591228800.0,2020-06-04,XRPUSD,0.204,0.2074,0.1993,0.2043,8866398.77,1809594.14
1591142400.0,2020-06-03,XRPUSD,0.2031,0.2047,0.201,0.204,6433295.47,1307586.46
1591056000.0,2020-06-02,XRPUSD,0.211,0.2146,0.1977,0.2031,19058582.41,3917283.26
1590969600.0,2020-06-01,XRPUSD,0.2024,0.213,0.2012,0.211,8938979.87,1852899.94
1590883200.0,2020-05-31,XRPUSD,0.207,0.2136,0.2002,0.2024,9261753.57,1915808.85
1590796800.0,2020-05-30,XRPUSD,0.1975,0.2079,0.1961,0.207,7867714.21,1586995.41
1590710400.0,2020-05-29,XRPUSD,0.2005,0.203,0.1963,0.1975,6386536.21,1273532.97
1590624000.0,2020-05-28,XRPUSD,0.1976,0.201,0.195,0.2005,3998695.4,790896.87
1590537600.0,2020-05-27,XRPUSD,0.1938,0.2004,0.1938,0.1976,11569224.16,2282103.21
1590451200.0,2020-05-26,XRPUSD,0.196,0.1969,0.1914,0.1938,4225710.9,820410.64
1590364800.0,2020-05-25,XRPUSD,0.1926,0.1971,0.1898,0.196,6195603.01,1200750.88
1590278400.0,2020-05-24,XRPUSD,0.1988,0.2012,0.1923,0.1926,7310393.29,1444727.41
1590192000.0,2020-05-23,XRPUSD,0.2001,0.2022,0.1981,0.1988,5016523.21,1004100.26
1590105600.0,2020-05-22,XRPUSD,0.1942,0.2026,0.192,0.2001,11510965.75,2295293.37
1590019200.0,2020-05-21,XRPUSD,0.2019,0.2029,0.1894,0.1942,13858255.43,2701057.83
1589932800.0,2020-05-20,XRPUSD,0.205,0.206,0.1973,0.2019,9115140.67,1840261.57
1589846400.0,2020-05-19,XRPUSD,0.2053,0.2066,0.2009,0.205,5969373.4,1216219.81
1589760000.0,2020-05-18,XRPUSD,0.2011,0.2082,0.2011,0.2053,7240136.79,1481125.17
1589673600.0,2020-05-17,XRPUSD,0.1996,0.2048,0.1991,0.2011,4255461.62,861934.41
1589587200.0,2020-05-16,XRPUSD,0.1973,0.2022,0.1964,0.1996,4897585.99,977757.6
1589500800.0,2020-05-15,XRPUSD,0.204,0.2046,0.1952,0.1973,9877958.22,1970490.16
1589414400.0,2020-05-14,XRPUSD,0.202,0.2065,0.1985,0.204,11354989.99,2305910.61
1589328000.0,2020-05-13,XRPUSD,0.1971,0.2042,0.196,0.202,5387440.63,1080802.99
1589241600.0,2020-05-12,XRPUSD,0.1933,0.2002,0.1917,0.1971,8128020.36,1598930.18
1589155200.0,2020-05-11,XRPUSD,0.1975,0.2001,0.185,0.1933,18056276.59,3478612.33
1589068800.0,2020-05-10,XRPUSD,0.2156,0.2161,0.18,0.1975,28449201.52,5564498.94
1588982400.0,2020-05-09,XRPUSD,0.2193,0.2253,0.2152,0.2156,10846144.34,2392657.44
1588896000.0,2020-05-08,XRPUSD,0.2188,0.2224,0.2145,0.2193,8689382.23,1902790.67
1588809600.0,2020-05-07,XRPUSD,0.2117,0.2212,0.2101,0.2188,12122368.85,2628059.78
1588723200.0,2020-05-06,XRPUSD,0.2173,0.2229,0.211,0.2117,8904102.65,1944111.12
1588636800.0,2020-05-05,XRPUSD,0.2182,0.2225,0.2138,0.2173,6683060.53,1453073.85
1588550400.0,2020-05-04,XRPUSD,0.2196,0.2209,0.2075,0.2182,15376007.37,3307661.77
1588464000.0,2020-05-03,XRPUSD,0.224,0.227,0.2159,0.2196,8102406.97,1798917.47
1588377600.0,2020-05-02,XRPUSD,0.2177,0.2259,0.2156,0.224,9732886.25,2154856.23
1588291200.0,2020-05-01,XRPUSD,0.2118,0.2244,0.2114,0.2177,13699449.61,2984811.7
1588204800.0,2020-04-30,XRPUSD,0.2266,0.236,0.2085,0.2118,47394028.49,10609588.05
1588118400.0,2020-04-29,XRPUSD,0.2149,0.235,0.2048,0.2266,35160817.01,7797828.25
1588032000.0,2020-04-28,XRPUSD,0.1979,0.2184,0.195,0.2149,16192752.3,3361757.21
1587945600.0,2020-04-27,XRPUSD,0.1971,0.1997,0.1945,0.1979,11853505.52,2331485.36
1587859200.0,2020-04-26,XRPUSD,0.1944,0.1976,0.1923,0.1971,10192935.12,1992095.35
1587772800.0,2020-04-25,XRPUSD,0.1933,0.1981,0.1917,0.1944,6562127.02,1277725.64
1587686400.0,2020-04-24,XRPUSD,0.1928,0.197,0.1925,0.1933,6825094.89,1327409.7
1587600000.0,2020-04-23,XRPUSD,0.1882,0.1999,0.1858,0.1928,16212148.38,3138826.27
1587513600.0,2020-04-22,XRPUSD,0.1834,0.1899,0.1822,0.1882,7687112.67,1436824.3
1587427200.0,2020-04-21,XRPUSD,0.1818,0.1866,0.1815,0.1834,10212568.75,1879226.98
1587340800.0,2020-04-20,XRPUSD,0.1892,0.1949,0.1785,0.1818,15996482.33,2983165.08
1587254400.0,2020-04-19,XRPUSD,0.195,0.1963,0.1882,0.1892,8275182.94,1592109.58
1587168000.0,2020-04-18,XRPUSD,0.1888,0.1974,0.1888,0.195,11006713.68,2122695.07
1587081600.0,2020-04-17,XRPUSD,0.1909,0.192,0.1863,0.1888,8721175.32,1651370.14
1586995200.0,2020-04-16,XRPUSD,0.1805,0.1935,0.1741,0.1909,21360941.4,3949119.63
1586908800.0,2020-04-15,XRPUSD,0.1863,0.19,0.18,0.1805,12122762.52,2239325.95
1586822400.0,2020-04-14,XRPUSD,0.1883,0.1895,0.1841,0.1863,8560701.09,1602234.68
1586736000.0,2020-04-13,XRPUSD,0.1897,0.1898,0.1804,0.1883,15408007.36,2847705.65
1586649600.0,2020-04-12,XRPUSD,0.189,0.1965,0.1866,0.1897,10676162.76,2054885.24
1586563200.0,2020-04-11,XRPUSD,0.1878,0.1925,0.1853,0.189,8308967.73,1566981.57
1586476800.0,2020-04-10,XRPUSD,0.1989,0.1989,0.1816,0.1878,16827886.95,3173230.54
1586390400.0,2020-04-09,XRPUSD,0.2021,0.2025,0.194,0.1989,9375577.09,1865480.67
1586304000.0,2020-04-08,XRPUSD,0.1929,0.2029,0.1916,0.2021,11370768.27,2258466.72
1586217600.0,2020-04-07,XRPUSD,0.1984,0.2054,0.1897,0.1929,23361845.99,4643396.03
1586131200.0,2020-04-06,XRPUSD,0.1796,0.1986,0.1796,0.1984,23339646.19,4440450.22
1586044800.0,2020-04-05,XRPUSD,0.1816,0.1825,0.1763,0.1796,4889310.03,876405.09
1585958400.0,2020-04-04,XRPUSD,0.1795,0.184,0.1779,0.1816,8307070.59,1498884.56
1585872000.0,2020-04-03,XRPUSD,0.1785,0.183,0.1759,0.1795,9169612.37,1647791.73
1585785600.0,2020-04-02,XRPUSD,0.1756,0.1867,0.1747,0.1785,17508919.65,3135432.63
1585699200.0,2020-04-01,XRPUSD,0.1737,0.1766,0.1681,0.1756,15757202.04,2720937.96
1585612800.0,2020-03-31,XRPUSD,0.1714,0.1783,0.1706,0.1737,12797192.1,2240142.58
1585526400.0,2020-03-30,XRPUSD,0.1626,0.1759,0.162,0.1714,18392951.82,3138324.56
1585440000.0,2020-03-29,XRPUSD,0.1757,0.1769,0.162,0.1626,19685829.11,3316539.31
1585353600.0,2020-03-28,XRPUSD,0.1729,0.1803,0.1665,0.1757,34021077.87,5849860.19
1585267200.0,2020-03-27,XRPUSD,0.1768,0.1877,0.1699,0.1729,39004808.96,6917967.59
1585180800.0,2020-03-26,XRPUSD,0.1619,0.178,0.1603,0.1768,21645165.89,3617506.73
1585094400.0,2020-03-25,XRPUSD,0.163,0.1658,0.1574,0.1619,26885409.83,4324488.9
1585008000.0,2020-03-24,XRPUSD,0.159,0.1646,0.1576,0.163,26792041.41,4320362.67
1584921600.0,2020-03-23,XRPUSD,0.1477,0.1626,0.1445,0.159,16797418.51,2598259.92
1584835200.0,2020-03-22,XRPUSD,0.1581,0.1617,0.1461,0.1477,20339860.04,3117652.79
1584748800.0,2020-03-21,XRPUSD,0.1569,0.1623,0.1515,0.1581,13540169.48,2123400.89
1584662400.0,2020-03-20,XRPUSD,0.1656,0.1758,0.1451,0.1569,37649979.15,6158253.62
1584576000.0,2020-03-19,XRPUSD,0.148,0.1732,0.1447,0.1656,29176356.44,4601331.53
1584489600.0,2020-03-18,XRPUSD,0.1481,0.1498,0.1406,0.148,21334472.82,3099352.85
1584403200.0,2020-03-17,XRPUSD,0.141,0.1547,0.1404,0.1481,28475163.27,4209427.99
1584316800.0,2020-03-16,XRPUSD,0.1526,0.1526,0.128,0.141,42494084.36,5939770.02
1584230400.0,2020-03-15,XRPUSD,0.1458,0.1643,0.1445,0.1526,24776506.37,3774085.52
1584144000.0,2020-03-14,XRPUSD,0.1603,0.1606,0.1434,0.1458,18562106.38,2840662.94
1584057600.0,2020-03-13,XRPUSD,0.1366,0.17,0.1165,0.1603,122816395.53,17581182.81
1583971200.0,2020-03-12,XRPUSD,0.2074,0.21,0.12,0.1366,157737385.44,24869879.44
1583884800.0,2020-03-11,XRPUSD,0.2116,0.2135,0.1989,0.2074,20348708.73,4165197.22
1583798400.0,2020-03-10,XRPUSD,0.2098,0.2157,0.2055,0.2116,14067969.38,2962482.03
1583712000.0,2020-03-09,XRPUSD,0.2039,0.2115,0.1982,0.2098,24777750.76,5095327.64
1583625600.0,2020-03-08,XRPUSD,0.2367,0.2367,0.2001,0.2039,26638117.94,5728324.56
1583539200.0,2020-03-07,XRPUSD,0.2453,0.2457,0.2356,0.2367,8201281.1,1972749.16
1583452800.0,2020-03-06,XRPUSD,0.2393,0.2465,0.2383,0.2453,7111026.93,1724144.0
1583366400.0,2020-03-05,XRPUSD,0.2348,0.2435,0.2348,0.2393,8381240.95,2004751.93
1583280000.0,2020-03-04,XRPUSD,0.2339,0.2382,0.2302,0.2348,6842149.78,1602313.87
1583193600.0,2020-03-03,XRPUSD,0.2392,0.2396,0.2297,0.2339,9760607.87,2288489.41
1583107200.0,2020-03-02,XRPUSD,0.227,0.2416,0.2255,0.2392,9407127.41,2217254.76
1583020800.0,2020-03-01,XRPUSD,0.2288,0.236,0.224,0.227,9886576.7,2271033.24
1582934400.0,2020-02-29,XRPUSD,0.2369,0.2427,0.2288,0.2288,8572518.78,2018269.74
1582848000.0,2020-02-28,XRPUSD,0.2382,0.244,0.2281,0.2369,18133034.45,4263311.7
1582761600.0,2020-02-27,XRPUSD,0.2289,0.2477,0.2236,0.2382,18986763.78,4505288.33
1582675200.0,2020-02-26,XRPUSD,0.2521,0.2549,0.2233,0.2289,34623130.1,8196136.52
1582588800.0,2020-02-25,XRPUSD,0.2708,0.2708,0.2511,0.2521,13025378.6,3372582.16
1582502400.0,2020-02-24,XRPUSD,0.2842,0.2853,0.264,0.2708,15656616.87,4269444.6
1582416000.0,2020-02-23,XRPUSD,0.2756,0.2861,0.2751,0.2842,11204763.45,3161685.98
1582329600.0,2020-02-22,XRPUSD,0.2747,0.2781,0.2709,0.2756,4737360.33,1298706.2
1582243200.0,2020-02-21,XRPUSD,0.2713,0.2791,0.2685,0.2747,10985397.3,3013776.93
1582156800.0,2020-02-20,XRPUSD,0.2752,0.2816,0.261,0.2713,24162744.04,6564282.42
1582070400.0,2020-02-19,XRPUSD,0.2987,0.309,0.271,0.2752,20851909.92,6053174.82
1581984000.0,2020-02-18,XRPUSD,0.2874,0.3033,0.2761,0.2987,22509854.16,6584091.15
1581897600.0,2020-02-17,XRPUSD,0.2926,0.2951,0.269,0.2874,25546076.59,7181062.87
1581811200.0,2020-02-16,XRPUSD,0.3074,0.3191,0.268,0.2926,36590886.11,10753118.27
1581724800.0,2020-02-15,XRPUSD,0.3368,0.347,0.295,0.3074,33026020.75,10595944.56
1581638400.0,2020-02-14,XRPUSD,0.3274,0.3397,0.3105,0.3368,30762858.21,10105298.16
1581552000.0,2020-02-13,XRPUSD,0.3056,0.34,0.2655,0.3274,75238677.41,24265722.46
1581465600.0,2020-02-12,XRPUSD,0.2826,0.3097,0.2822,0.3056,36193944.76,10727063.36
1581379200.0,2020-02-11,XRPUSD,0.2732,0.2845,0.2671,0.2826,23600926.49,6510274.32
1581292800.0,2020-02-10,XRPUSD,0.2823,0.2833,0.2675,0.2732,14439856.77,3953418.66
1581206400.0,2020-02-09,XRPUSD,0.2776,0.2893,0.277,0.2823,12192172.42,3438079.25
1581120000.0,2020-02-08,XRPUSD,0.279,0.282,0.2635,0.2776,12070730.37,3318108.75
1581033600.0,2020-02-07,XRPUSD,0.2832,0.288,0.2771,0.279,11077867.98,3116245.74
1580947200.0,2020-02-06,XRPUSD,0.2781,0.288,0.2644,0.2832,26427907.5,7388027.24
1580860800.0,2020-02-05,XRPUSD,0.2667,0.2815,0.2663,0.2781,36522696.26,10036722.81
1580774400.0,2020-02-04,XRPUSD,0.2544,0.27,0.2473,0.2667,27806602.51,7257248.52
1580688000.0,2020-02-03,XRPUSD,0.2504,0.2596,0.2466,0.2544,14829314.5,3723305.47
1580601600.0,2020-02-02,XRPUSD,0.2412,0.2615,0.2341,0.2504,21052982.55,5278640.52
1580515200.0,2020-02-01,XRPUSD,0.2389,0.2428,0.2366,0.2412,9025453.29,2163739.21
1580428800.0,2020-01-31,XRPUSD,0.2432,0.2445,0.2337,0.2389,11792358.54,2812542.37
1580342400.0,2020-01-30,XRPUSD,0.235,0.2465,0.2293,0.2432,14004585.21,3334009.22
1580256000.0,2020-01-29,XRPUSD,0.2396,0.2417,0.2338,0.235,8634546.44,2055398.92
1580169600.0,2020-01-28,XRPUSD,0.2304,0.241,0.2304,0.2396,11119537.77,2614471.94
1580083200.0,2020-01-27,XRPUSD,0.2306,0.2333,0.2258,0.2304,9550453.53,2202013.79
1579996800.0,2020-01-26,XRPUSD,0.2204,0.2317,0.2175,0.2306,9155330.93,2057085.02
1579910400.0,2020-01-25,XRPUSD,0.2216,0.222,0.2165,0.2204,3998397.89,875645.48
1579824000.0,2020-01-24,XRPUSD,0.2253,0.2259,0.2135,0.2216,13061836.51,2884406.64
1579737600.0,2020-01-23,XRPUSD,0.2366,0.2366,0.2208,0.2253,14682654.36,3335822.58
1579651200.0,2020-01-22,XRPUSD,0.237,0.2395,0.2303,0.2366,11366621.67,2673265.39
1579564800.0,2020-01-21,XRPUSD,0.2326,0.2415,0.2291,0.237,16680873.14,3937392.38
1579478400.0,2020-01-20,XRPUSD,0.2356,0.2365,0.2236,0.2326,13416361.9,3099369.65
1579392000.0,2020-01-19,XRPUSD,0.2431,0.2515,0.2268,0.2356,19785359.27,4720995.55
1579305600.0,2020-01-18,XRPUSD,0.2388,0.2541,0.2318,0.2431,21689112.91,5270836.74
1579219200.0,2020-01-17,XRPUSD,0.2292,0.2443,0.2264,0.2388,18673045.81,4406596.64
1579132800.0,2020-01-16,XRPUSD,0.2337,0.2348,0.2221,0.2292,13596270.47,3088253.84
1579046400.0,2020-01-15,XRPUSD,0.2352,0.2432,0.2262,0.2337,25215304.6,5930054.73
1578960000.0,2020-01-14,XRPUSD,0.2114,0.2451,0.2114,0.2352,40923663.05,9465262.84
1578873600.0,2020-01-13,XRPUSD,0.2151,0.2155,0.2098,0.2114,3890152.61,823457.24
1578787200.0,2020-01-12,XRPUSD,0.2115,0.2168,0.2096,0.2151,7022365.25,1498883.53
1578700800.0,2020-01-11,XRPUSD,0.2127,0.2198,0.2086,0.2115,15383449.3,3289758.4
1578614400.0,2020-01-10,XRPUSD,0.2038,0.213,0.2002,0.2127,12201619.28,2529189.9
1578528000.0,2020-01-09,XRPUSD,0.2074,0.2087,0.2014,0.2038,7754164.26,1581298.01
1578441600.0,2020-01-08,XRPUSD,0.214,0.2188,0.2031,0.2074,17160595.33,3608079.17
1578355200.0,2020-01-07,XRPUSD,0.2233,0.2254,0.2074,0.214,20843885.36,4475142.1
1578268800.0,2020-01-06,XRPUSD,0.1944,0.2236,0.1941,0.2233,29594423.65,6307846.63
1578182400.0,2020-01-05,XRPUSD,0.1927,0.1975,0.1927,0.1944,6377897.32,1245119.45
1578096000.0,2020-01-04,XRPUSD,0.1929,0.1933,0.1911,0.1927,2771033.95,532515.36
1578009600.0,2020-01-03,XRPUSD,0.1868,0.194,0.1841,0.1929,9088159.84,1733557.19
1577923200.0,2020-01-02,XRPUSD,0.1925,0.1928,0.1851,0.1868,13717065.98,2591908.28
1577836800.0,2020-01-01,XRPUSD,0.1924,0.1943,0.1917,0.1925,6095751.13,1178384.31
1577750400.0,2019-12-31,XRPUSD,0.1927,0.1937,0.1881,0.1926,12653896.83,2415080.38
1577664000.0,2019-12-30,XRPUSD,0.1966,0.1975,0.1907,0.1927,11701264.93,2262865.9
1577577600.0,2019-12-29,XRPUSD,0.1927,0.1982,0.1908,0.1966,4826239.98,940683.92
1577491200.0,2019-12-28,XRPUSD,0.1898,0.1942,0.1896,0.1927,5698173.36,1095904.54
1577404800.0,2019-12-27,XRPUSD,0.1891,0.1898,0.1846,0.1898,4587629.83,862068.87
1577318400.0,2019-12-26,XRPUSD,0.1883,0.1939,0.1869,0.1891,6425001.08,1217585.43
1577232000.0,2019-12-25,XRPUSD,0.1904,0.1909,0.1862,0.1883,6037417.23,1136054.95
1577145600.0,2019-12-24,XRPUSD,0.1895,0.1935,0.1874,0.1904,5716463.16,1089944.2
1577059200.0,2019-12-23,XRPUSD,0.1969,0.1988,0.1884,0.1895,10000631.24,1942277.74
1576972800.0,2019-12-22,XRPUSD,0.1914,0.197,0.1906,0.1969,4770539.16,925326.34
1576886400.0,2019-12-21,XRPUSD,0.1951,0.1962,0.1892,0.1914,7280036.05,1397007.52
1576800000.0,2019-12-20,XRPUSD,0.1879,0.1978,0.1837,0.1951,14314796.1,2733131.98
1576713600.0,2019-12-19,XRPUSD,0.1959,0.1971,0.1829,0.1879,15239246.15,2872570.25
1576627200.0,2019-12-18,XRPUSD,0.1827,0.2005,0.174,0.1959,35069566.53,6539898.68
1576540800.0,2019-12-17,XRPUSD,0.2052,0.2052,0.1771,0.1827,48981694.14,9269862.2
1576454400.0,2019-12-16,XRPUSD,0.217,0.217,0.2017,0.2052,17500445.03,3672005.11
1576368000.0,2019-12-15,XRPUSD,0.216,0.2193,0.2144,0.217,2948545.68,640663.09
1576281600.0,2019-12-14,XRPUSD,0.22,0.2208,0.2144,0.216,4155312.68,901961.82
1576195200.0,2019-12-13,XRPUSD,0.2183,0.2202,0.2147,0.22,1621076.01,352639.02
1576108800.0,2019-12-12,XRPUSD,0.2207,0.2218,0.2175,0.2183,2877780.46,631368.06
1576022400.0,2019-12-11,XRPUSD,0.2225,0.2235,0.2198,0.2207,5964025.45,1320624.89
1575936000.0,2019-12-10,XRPUSD,0.2243,0.2253,0.2187,0.2225,10073397.13,2228434.63
1575849600.0,2019-12-09,XRPUSD,0.2298,0.2314,0.2207,0.2243,9671034.67,2188776.75
1575763200.0,2019-12-08,XRPUSD,0.228,0.2326,0.224,0.2298,7004382.24,1600456.68
1575676800.0,2019-12-07,XRPUSD,0.2261,0.2287,0.2235,0.228,7350004.03,1665508.77
1575590400.0,2019-12-06,XRPUSD,0.2213,0.228,0.2193,0.2261,11082952.06,2475060.93
1575504000.0,2019-12-05,XRPUSD,0.2141,0.2264,0.2116,0.2213,19369627.96,4232437.71
1575417600.0,2019-12-04,XRPUSD,0.2196,0.2278,0.2097,0.2141,15496567.57,3367379.27
1575331200.0,2019-12-03,XRPUSD,0.2191,0.2219,0.218,0.2196,5425908.47,1193697.94
1575244800.0,2019-12-02,XRPUSD,0.2253,0.2266,0.2173,0.2191,8327266.27,1835312.08
1575158400.0,2019-12-01,XRPUSD,0.2259,0.2259,0.2189,0.2253,5470771.35,1212830.86
1575072000.0,2019-11-30,XRPUSD,0.2302,0.2319,0.2241,0.2259,2621975.87,596874.39
1574985600.0,2019-11-29,XRPUSD,0.2238,0.2326,0.2231,0.2302,4305793.34,984339.43
1574899200.0,2019-11-28,XRPUSD,0.2245,0.2298,0.2227,0.2238,6832431.86,1546226.26
1574812800.0,2019-11-27,XRPUSD,0.221,0.2299,0.2126,0.2245,14749469.57,3271352.96
1574726400.0,2019-11-26,XRPUSD,0.2183,0.2218,0.2137,0.221,13139001.48,2864750.29
1574640000.0,2019-11-25,XRPUSD,0.2196,0.2251,0.2002,0.2183,44689979.22,9546389.27
1574553600.0,2019-11-24,XRPUSD,0.2345,0.235,0.2187,0.2196,9075259.66,2060664.16
1574467200.0,2019-11-23,XRPUSD,0.2307,0.235,0.2264,0.2345,6172242.81,1426354.7
1574380800.0,2019-11-22,XRPUSD,0.243,0.2457,0.2218,0.2307,22330580.74,5172650.11
1574294400.0,2019-11-21,XRPUSD,0.2497,0.2527,0.2345,0.243,16108107.44,3908562.02
1574208000.0,2019-11-20,XRPUSD,0.2535,0.2586,0.2477,0.2497,9969850.44,2507432.65
1574121600.0,2019-11-19,XRPUSD,0.2515,0.256,0.243,0.2535,10953136.81,2723930.7
1574035200.0,2019-11-18,XRPUSD,0.2629,0.2632,0.24,0.2515,16821575.26,4263873.88
1573948800.0,2019-11-17,XRPUSD,0.262,0.266,0.259,0.2629,4623933.64,1216818.02
1573862400.0,2019-11-16,XRPUSD,0.2607,0.2642,0.259,0.262,3934529.26,1026833.48
1573776000.0,2019-11-15,XRPUSD,0.268,0.269,0.252,0.2607,14086260.34,3676649.56
1573689600.0,2019-11-14,XRPUSD,0.2717,0.2722,0.2565,0.268,15005184.57,4007034.41
1573603200.0,2019-11-13,XRPUSD,0.2717,0.2765,0.27,0.2717,8987749.74,2450455.96
1573516800.0,2019-11-12,XRPUSD,0.2742,0.276,0.2668,0.2717,15044687.54,4090759.38
1573430400.0,2019-11-11,XRPUSD,0.2788,0.2808,0.268,0.2742,11815200.79,3242374.53
1573344000.0,2019-11-10,XRPUSD,0.2802,0.285,0.277,0.2788,9229782.98,2582366.27
1573257600.0,2019-11-09,XRPUSD,0.2754,0.2823,0.2746,0.2802,11302645.52,3150338.96
1573171200.0,2019-11-08,XRPUSD,0.2901,0.2906,0.2702,0.2754,17316418.16,4824549.99
1573084800.0,2019-11-07,XRPUSD,0.3104,0.315,0.2746,0.2901,23522191.22,6919217.33
1572998400.0,2019-11-06,XRPUSD,0.3009,0.3143,0.2971,0.3104,11502934.81,3495004.93
1572912000.0,2019-11-05,XRPUSD,0.2996,0.3056,0.295,0.3009,11146980.87,3351005.38
1572825600.0,2019-11-04,XRPUSD,0.2902,0.3009,0.2893,0.2996,9185567.49,2705597.69
1572739200.0,2019-11-03,XRPUSD,0.2952,0.2962,0.289,0.2902,10655287.29,3104671.86
1572652800.0,2019-11-02,XRPUSD,0.292,0.298,0.2919,0.2952,8864529.84,2615509.94
1572566400.0,2019-11-01,XRPUSD,0.2946,0.2946,0.2845,0.292,8447670.13,2455652.03
1572480000.0,2019-10-31,XRPUSD,0.2952,0.2989,0.2852,0.2946,11198193.87,3288282.53
1572393600.0,2019-10-30,XRPUSD,0.3026,0.3065,0.2905,0.2952,9041862.54,2676698.77
1572307200.0,2019-10-29,XRPUSD,0.2944,0.31,0.2927,0.3026,22733720.1,6860745.08
1572220800.0,2019-10-28,XRPUSD,0.2992,0.306,0.2943,0.2944,12362468.13,3704771.14
1572134400.0,2019-10-27,XRPUSD,0.2945,0.3033,0.2909,0.2992,12137142.79,3610166.21
1572048000.0,2019-10-26,XRPUSD,0.2986,0.315,0.2836,0.2945,24306704.96,7267420.82
1571961600.0,2019-10-25,XRPUSD,0.2767,0.3085,0.2751,0.2986,21222977.76,6202569.0
1571875200.0,2019-10-24,XRPUSD,0.2736,0.2809,0.2661,0.2767,8385861.02,2295173.86
1571788800.0,2019-10-23,XRPUSD,0.2904,0.2913,0.2473,0.2736,25412957.78,6877772.03
1571702400.0,2019-10-22,XRPUSD,0.2926,0.3032,0.2722,0.2904,14918756.84,4381874.07
1571616000.0,2019-10-21,XRPUSD,0.2941,0.2957,0.2887,0.2926,8600080.53,2506602.39
1571529600.0,2019-10-20,XRPUSD,0.2917,0.2975,0.2812,0.2941,9596536.59,2779996.49
1571443200.0,2019-10-19,XRPUSD,0.2942,0.2992,0.2871,0.2917,9437498.65,2769738.5
1571356800.0,2019-10-18,XRPUSD,0.3018,0.31,0.2847,0.2942,23005192.84,6732593.47
1571270400.0,2019-10-17,XRPUSD,0.2836,0.3041,0.2801,0.3018,22779246.47,6738041.12
1571184000.0,2019-10-16,XRPUSD,0.2883,0.292,0.2781,0.2836,13625388.42,3879448.33
1571097600.0,2019-10-15,XRPUSD,0.2977,0.2993,0.2827,0.2883,15975275.44,4637681.61
1571011200.0,2019-10-14,XRPUSD,0.2775,0.298,0.2768,0.2977,19318700.66,5591130.47
1570924800.0,2019-10-13,XRPUSD,0.2727,0.2821,0.2717,0.2775,7289738.33,2027777.64
1570838400.0,2019-10-12,XRPUSD,0.2677,0.2774,0.2677,0.2727,5572262.86,1522202.28
1570752000.0,2019-10-11,XRPUSD,0.2711,0.2762,0.2652,0.2677,10164596.94,2734388.0
1570665600.0,2019-10-10,XRPUSD,0.2819,0.2823,0.2651,0.2711,9171634.24,2502306.81
1570579200.0,2019-10-09,XRPUSD,0.2778,0.2873,0.2735,0.2819,13544243.34,3800399.98
1570492800.0,2019-10-08,XRPUSD,0.2765,0.2856,0.2712,0.2778,15018873.95,4167957.44
1570406400.0,2019-10-07,XRPUSD,0.2555,0.2822,0.2537,0.2765,30264477.72,8258398.84
1570320000.0,2019-10-06,XRPUSD,0.2537,0.2566,0.251,0.2555,6472835.37,1640747.66
1570233600.0,2019-10-05,XRPUSD,0.2528,0.2568,0.2471,0.2537,6823171.83,1721209.44
1570147200.0,2019-10-04,XRPUSD,0.247,0.2572,0.2451,0.2528,9304730.73,2343398.11
1570060800.0,2019-10-03,XRPUSD,0.2535,0.254,0.241,0.247,13804827.32,3414930.58
1569974400.0,2019-10-02,XRPUSD,0.248,0.255,0.2447,0.2535,17027724.42,4251346.25
1569888000.0,2019-10-01,XRPUSD,0.2567,0.2615,0.2437,0.248,16379570.55,4147990.42
1569801600.0,2019-09-30,XRPUSD,0.2404,0.2618,0.2353,0.2567,24871266.08,6284958.55
1569715200.0,2019-09-29,XRPUSD,0.2423,0.2427,0.2349,0.2404,8511064.59,2033325.82
1569628800.0,2019-09-28,XRPUSD,0.2428,0.2451,0.2378,0.2423,7648509.26,1846524.68
1569542400.0,2019-09-27,XRPUSD,0.2426,0.2474,0.2332,0.2428,21154475.03,5064439.19
1569456000.0,2019-09-26,XRPUSD,0.2456,0.2499,0.2241,0.2426,19201505.96,4577420.48
1569369600.0,2019-09-25,XRPUSD,0.2339,0.2498,0.2318,0.2456,16094249.44,3874622.09
1569283200.0,2019-09-24,XRPUSD,0.2674,0.2728,0.2058,0.2339,55242936.75,13315224.59
1569196800.0,2019-09-23,XRPUSD,0.2765,0.2864,0.2641,0.2674,19511722.48,5363887.91
1569110400.0,2019-09-22,XRPUSD,0.2895,0.2897,0.2683,0.2765,16755575.73,4641777.22
1569024000.0,2019-09-21,XRPUSD,0.2936,0.2977,0.286,0.2895,10050670.03,2924282.91
1568937600.0,2019-09-20,XRPUSD,0.3017,0.3021,0.284,0.2936,19942133.18,5822438.64
1568851200.0,2019-09-19,XRPUSD,0.3136,0.3136,0.282,0.3017,45106131.97,13413891.3
1568764800.0,2019-09-18,XRPUSD,0.2856,0.327,0.2854,0.3136,48595931.24,15061555.63
1568678400.0,2019-09-17,XRPUSD,0.2611,0.2992,0.2599,0.2856,48468715.46,13767304.04
1568592000.0,2019-09-16,XRPUSD,0.2604,0.2635,0.2566,0.2611,7710492.43,2005511.44
1568505600.0,2019-09-15,XRPUSD,0.2619,0.2644,0.2592,0.2604,4260364.37,1112752.25
1568419200.0,2019-09-14,XRPUSD,0.2559,0.2652,0.2545,0.2619,6796994.43,1778576.31
1568332800.0,2019-09-13,XRPUSD,0.254,0.2561,0.2522,0.2559,5307770.24,1348867.22
1568246400.0,2019-09-12,XRPUSD,0.2553,0.2568,0.2506,0.254,8378479.88,2123095.85
1568160000.0,2019-09-11,XRPUSD,0.2585,0.2599,0.251,0.2553,4965698.04,1262437.54
1568073600.0,2019-09-10,XRPUSD,0.2588,0.2636,0.2531,0.2585,8828368.24,2285926.8
1567987200.0,2019-09-09,XRPUSD,0.2625,0.2649,0.2565,0.2588,9375041.73,2437932.57
1567900800.0,2019-09-08,XRPUSD,0.2605,0.2664,0.2547,0.2625,10956555.65,2853820.95
1567814400.0,2019-09-07,XRPUSD,0.2515,0.2635,0.2506,0.2605,7974907.36,2065646.05
1567728000.0,2019-09-06,XRPUSD,0.2562,0.26,0.247,0.2515,7387943.92,1876184.63
1567641600.0,2019-09-05,XRPUSD,0.2588,0.2591,0.2526,0.2562,5296419.73,1356964.33
1567555200.0,2019-09-04,XRPUSD,0.2632,0.2632,0.2564,0.2588,7417195.85,1927889.21
1567468800.0,2019-09-03,XRPUSD,0.2617,0.2673,0.2585,0.2632,5153004.27,1354457.66
1567382400.0,2019-09-02,XRPUSD,0.2566,0.2651,0.2538,0.2617,6173409.76,1597568.64
1567296000.0,2019-09-01,XRPUSD,0.258,0.259,0.2509,0.2566,4965317.25,1273425.02
1567209600.0,2019-08-31,XRPUSD,0.2555,0.2605,0.2531,0.258,4053104.79,1040310.89
1567123200.0,2019-08-30,XRPUSD,0.2569,0.2572,0.2525,0.2555,4061754.09,1034973.5
1567036800.0,2019-08-29,XRPUSD,0.2563,0.2623,0.2472,0.2569,14509267.41,3684565.46
1566950400.0,2019-08-28,XRPUSD,0.2691,0.2692,0.246,0.2563,11649159.24,2968147.33
1566864000.0,2019-08-27,XRPUSD,0.2701,0.2702,0.264,0.2691,3899803.66,1044478.67
1566777600.0,2019-08-26,XRPUSD,0.2698,0.2805,0.2665,0.2701,8633819.83,2350337.86
1566691200.0,2019-08-25,XRPUSD,0.2717,0.2763,0.266,0.2698,7356601.66,1995277.06
1566604800.0,2019-08-24,XRPUSD,0.2774,0.278,0.263,0.2717,6844558.48,1849786.55
1566518400.0,2019-08-23,XRPUSD,0.2713,0.2788,0.2678,0.2774,6189439.25,1697736.2
1566432000.0,2019-08-22,XRPUSD,0.2657,0.2742,0.2604,0.2713,10320119.21,2770361.85
1566345600.0,2019-08-21,XRPUSD,0.2741,0.31,0.2579,0.2657,9368304.36,2480257.96
1566259200.0,2019-08-20,XRPUSD,0.2823,0.2825,0.2701,0.2741,5337503.24,1467228.13
1566172800.0,2019-08-19,XRPUSD,0.2832,0.2907,0.2763,0.2823,10350209.33,2930589.11
1566086400.0,2019-08-18,XRPUSD,0.2659,0.292,0.2637,0.2832,13636544.99,3827939.11
1566000000.0,2019-08-17,XRPUSD,0.2611,0.2695,0.2581,0.2659,9362959.39,2469344.32
1565913600.0,2019-08-16,XRPUSD,0.2645,0.265,0.2544,0.2611,9760273.84,2543496.16
1565827200.0,2019-08-15,XRPUSD,0.2619,0.2684,0.2486,0.2645,18325336.6,4765324.01
1565740800.0,2019-08-14,XRPUSD,0.2969,0.2974,0.2336,0.2619,32209237.2,8470381.13
1565654400.0,2019-08-13,XRPUSD,0.3003,0.3007,0.2919,0.2969,6044921.19,1790518.1
1565568000.0,2019-08-12,XRPUSD,0.3022,0.3049,0.2976,0.3003,4174270.96,1253382.64
1565481600.0,2019-08-11,XRPUSD,0.2981,0.306,0.2944,0.3022,5500460.72,1657731.68
1565395200.0,2019-08-10,XRPUSD,0.2962,0.3053,0.291,0.2981,8310687.51,2476129.34
1565308800.0,2019-08-09,XRPUSD,0.308,0.3084,0.2894,0.2962,9629425.08,2875516.26
1565222400.0,2019-08-08,XRPUSD,0.311,0.3114,0.3037,0.308,6476523.81,1988019.85
1565136000.0,2019-08-07,XRPUSD,0.311,0.3158,0.3065,0.311,7708270.61,2392602.15
1565049600.0,2019-08-06,XRPUSD,0.3214,0.3247,0.3065,0.311,9698266.9,3061553.83
1564963200.0,2019-08-05,XRPUSD,0.3194,0.3317,0.3194,0.3214,7997910.2,2591576.77
1564876800.0,2019-08-04,XRPUSD,0.316,0.3235,0.3123,0.3194,4933016.96,1574732.83
1564790400.0,2019-08-03,XRPUSD,0.3114,0.318,0.3113,0.316,3769320.16,1187657.9
1564704000.0,2019-08-02,XRPUSD,0.3166,0.318,0.3094,0.3114,4473689.25,1402890.92
1564617600.0,2019-08-01,XRPUSD,0.32,0.32,0.3118,0.3166,5531506.56,1739873.52
1564531200.0,2019-07-31,XRPUSD,0.3187,0.324,0.314,0.32,7040186.99,2240685.54
1564444800.0,2019-07-30,XRPUSD,0.3102,0.322,0.3064,0.3187,6633554.13,2100307.88
1564358400.0,2019-07-29,XRPUSD,0.3116,0.3142,0.3054,0.3102,5760009.9,1779323.34
1564272000.0,2019-07-28,XRPUSD,0.3097,0.3143,0.2992,0.3116,6428143.82,1983270.22
1564185600.0,2019-07-27,XRPUSD,0.3239,0.328,0.3056,0.3097,11261995.42,3574109.99
1564099200.0,2019-07-26,XRPUSD,0.313,0.3255,0.3077,0.3239,8409374.07,2664528.27
1564012800.0,2019-07-25,XRPUSD,0.3161,0.3239,0.3116,0.313,11106215.51,3521766.01
1563926400.0,2019-07-24,XRPUSD,0.3078,0.3185,0.3028,0.3161,8809360.01,2738704.33
1563840000.0,2019-07-23,XRPUSD,0.3209,0.3209,0.3058,0.3078,8317310.9,2598027.71
1563753600.0,2019-07-22,XRPUSD,0.3313,0.3324,0.3155,0.3209,7484095.45,2409789.5
1563667200.0,2019-07-21,XRPUSD,0.3335,0.3355,0.3214,0.3313,17351709.76,5672975.56
1563580800.0,2019-07-20,XRPUSD,0.3202,0.3419,0.3192,0.3335,11146629.59,3684593.68
1563494400.0,2019-07-19,XRPUSD,0.321,0.3229,0.31,0.3202,12283907.78,3899023.85
1563408000.0,2019-07-18,XRPUSD,0.3103,0.3273,0.3037,0.321,13774958.47,4377084.42
1563321600.0,2019-07-17,XRPUSD,0.2951,0.3249,0.2934,0.3103,13564077.87,4204692.12
1563235200.0,2019-07-16,XRPUSD,0.3138,0.3203,0.2835,0.2951,19820092.62,6000517.3
1563148800.0,2019-07-15,XRPUSD,0.3151,0.3236,0.2957,0.3138,18342908.59,5706983.8
1563062400.0,2019-07-14,XRPUSD,0.332,0.3356,0.3,0.3151,12679178.61,3996010.01
1562976000.0,2019-07-13,XRPUSD,0.3448,0.3452,0.324,0.332,9837247.71,3265459.07
1562889600.0,2019-07-12,XRPUSD,0.3294,0.3504,0.3192,0.3448,15430935.24,5137317.57
1562803200.0,2019-07-11,XRPUSD,0.3611,0.3625,0.303,0.3294,27811432.83,9196646.95
1562716800.0,2019-07-10,XRPUSD,0.3943,0.3969,0.346,0.3611,28553027.97,10419928.25
1562630400.0,2019-07-09,XRPUSD,0.4028,0.4079,0.39,0.3943,9205109.04,3677600.0
1562544000.0,2019-07-08,XRPUSD,0.399,0.4047,0.3933,0.4028,8659712.21,3453346.13
1562457600.0,2019-07-07,XRPUSD,0.3892,0.4013,0.3865,0.399,8588248.17,3385714.76
1562371200.0,2019-07-06,XRPUSD,0.3794,0.4108,0.3794,0.3892,12640921.34,4992628.57
1562284800.0,2019-07-05,XRPUSD,0.3871,0.3878,0.374,0.3794,15412302.68,5861574.7
1562198400.0,2019-07-04,XRPUSD,0.4059,0.4063,0.3857,0.3871,6843577.46,2704341.37
1562112000.0,2019-07-03,XRPUSD,0.3978,0.4068,0.395,0.4059,12877221.26,5169498.8
1562025600.0,2019-07-02,XRPUSD,0.405,0.4088,0.3813,0.3978,20095674.46,7880936.92
1561939200.0,2019-07-01,XRPUSD,0.3922,0.4189,0.385,0.405,18871794.05,7548478.7
1561852800.0,2019-06-30,XRPUSD,0.4248,0.427,0.3912,0.3922,13916414.52,5651199.2
1561766400.0,2019-06-29,XRPUSD,0.4247,0.4274,0.4002,0.4248,19011874.94,7888525.34
1561680000.0,2019-06-28,XRPUSD,0.4041,0.4252,0.3965,0.4247,18809098.45,7702937.6
1561593600.0,2019-06-27,XRPUSD,0.4627,0.4673,0.3871,0.4041,63179349.01,26537454.85
1561507200.0,2019-06-26,XRPUSD,0.4661,0.495,0.39,0.4627,52225039.65,24625741.31
1561420800.0,2019-06-25,XRPUSD,0.4724,0.4751,0.4549,0.4661,19147413.45,8915526.49
1561334400.0,2019-06-24,XRPUSD,0.4661,0.4743,0.4455,0.4724,16785730.38,7711023.77
1561248000.0,2019-06-23,XRPUSD,0.474,0.4883,0.4594,0.4661,17257003.56,8195656.97
1561161600.0,2019-06-22,XRPUSD,0.445,0.5086,0.4422,0.474,38332511.02,18055101.34
1561075200.0,2019-06-21,XRPUSD,0.43,0.45,0.43,0.445,14264455.28,6283873.68
1560988800.0,2019-06-20,XRPUSD,0.4349,0.4363,0.4213,0.43,13451052.19,5765169.5
1560902400.0,2019-06-19,XRPUSD,0.4271,0.4391,0.4244,0.4349,12034879.53,5192378.67
1560816000.0,2019-06-18,XRPUSD,0.4477,0.4558,0.4174,0.4271,24786998.36,10795847.99
1560729600.0,2019-06-17,XRPUSD,0.429,0.4629,0.4268,0.4477,23087300.98,10220376.09
1560643200.0,2019-06-16,XRPUSD,0.411,0.442,0.4085,0.429,24279409.31,10310075.54
1560556800.0,2019-06-15,XRPUSD,0.4039,0.4141,0.4028,0.411,7788309.02,3183227.16
1560470400.0,2019-06-14,XRPUSD,0.3997,0.4057,0.392,0.4039,10484785.21,4166984.71
1560384000.0,2019-06-13,XRPUSD,0.4029,0.41,0.3953,0.3997,9622552.42,3871680.68
1560297600.0,2019-06-12,XRPUSD,0.3939,0.4047,0.3886,0.4029,12221802.57,4844243.31
1560211200.0,2019-06-11,XRPUSD,0.4014,0.4039,0.3832,0.3939,11628816.49,4554377.15
1560124800.0,2019-06-10,XRPUSD,0.3854,0.405,0.3802,0.4014,17786405.72,7022046.86
1560038400.0,2019-06-09,XRPUSD,0.4084,0.4115,0.3682,0.3854,23692762.22,9172100.6
1559952000.0,2019-06-08,XRPUSD,0.4209,0.4228,0.4025,0.4084,8153507.44,3356791.17
1559865600.0,2019-06-07,XRPUSD,0.4203,0.432,0.4157,0.4209,15878006.99,6709193.92
1559779200.0,2019-06-06,XRPUSD,0.4009,0.4269,0.3916,0.4203,24559412.15,10084192.81
1559692800.0,2019-06-05,XRPUSD,0.3975,0.406,0.3879,0.4009,19774002.47,7892897.23
1559606400.0,2019-06-04,XRPUSD,0.4177,0.4435,0.384,0.3975,34883999.04,14020166.23
1559520000.0,2019-06-03,XRPUSD,0.4451,0.4646,0.4172,0.4177,31575566.08,13916717.56
1559433600.0,2019-06-02,XRPUSD,0.4293,0.4475,0.4284,0.4451,10302319.98,4531988.14
1559347200.0,2019-06-01,XRPUSD,0.4384,0.4417,0.4174,0.4293,12689401.51,5473647.75
1559260800.0,2019-05-31,XRPUSD,0.419,0.4415,0.4061,0.4384,18649254.1,7884781.5
1559174400.0,2019-05-30,XRPUSD,0.4443,0.478,0.4,0.419,52378414.45,23254576.73
1559088000.0,2019-05-29,XRPUSD,0.4491,0.4575,0.4203,0.4443,23824408.86,10560750.93
1559001600.0,2019-05-28,XRPUSD,0.4344,0.46,0.39,0.4491,37790360.19,16515093.02
1558915200.0,2019-05-27,XRPUSD,0.41,0.4477,0.4064,0.4344,27066491.2,11443052.59
1558828800.0,2019-05-26,XRPUSD,0.3878,0.4158,0.3763,0.41,20564751.71,8154479.49
1558742400.0,2019-05-25,XRPUSD,0.384,0.398,0.3823,0.3878,6953240.87,2698821.7
1558656000.0,2019-05-24,XRPUSD,0.3801,0.3955,0.3715,0.384,18773787.22,7278225.2
1558569600.0,2019-05-23,XRPUSD,0.3719,0.3849,0.3612,0.3801,18889999.53,7046015.09
1558483200.0,2019-05-22,XRPUSD,0.3975,0.4134,0.3647,0.3719,25573016.95,9915269.73
1558396800.0,2019-05-21,XRPUSD,0.3997,0.4092,0.3877,0.3975,14188255.25,5645081.79
1558310400.0,2019-05-20,XRPUSD,0.4188,0.4188,0.38,0.3997,21565882.62,8573060.62
1558224000.0,2019-05-19,XRPUSD,0.3721,0.4297,0.3705,0.4188,27071364.13,10970963.23
1558137600.0,2019-05-18,XRPUSD,0.3903,0.395,0.3632,0.3721,14084000.97,5329660.82
1558051200.0,2019-05-17,XRPUSD,0.4201,0.425,0.358,0.3903,51478469.02,19562767.99
1557964800.0,2019-05-16,XRPUSD,0.4594,0.48,0.374,0.4201,60161387.54,25827378.82
1557878400.0,2019-05-15,XRPUSD,0.4085,0.469,0.4069,0.4594,64815991.27,28124077.11
1557792000.0,2019-05-14,XRPUSD,0.3243,0.4244,0.323,0.4085,106362781.72,41315084.39
1557705600.0,2019-05-13,XRPUSD,0.3107,0.3321,0.3077,0.3243,22972118.25,7476049.36
1557619200.0,2019-05-12,XRPUSD,0.3226,0.3315,0.3021,0.3107,24433328.42,7709366.09
1557532800.0,2019-05-11,XRPUSD,0.2977,0.341,0.297,0.3226,31099077.92,9928138.55
1557446400.0,2019-05-10,XRPUSD,0.2931,0.301,0.2903,0.2977,8217223.49,2433833.0
1557360000.0,2019-05-09,XRPUSD,0.297,0.2997,0.2901,0.2931,4493863.2,1324633.9
1557273600.0,2019-05-08,XRPUSD,0.2936,0.2989,0.2912,0.297,3852443.39,1139154.77
1557187200.0,2019-05-07,XRPUSD,0.3,0.304,0.3,0.3015,1765519.35,533956.78
1557100800.0,2019-05-06,XRPUSD,0.2973,0.3062,0.2916,0.3,7160349.28,2138205.03
1557014400.0,2019-05-05,XRPUSD,0.2998,0.3011,0.2955,0.2973,2960462.1,882995.91
1556928000.0,2019-05-04,XRPUSD,0.3021,0.3125,0.2946,0.2998,7385938.68,2226029.44
1556841600.0,2019-05-03,XRPUSD,0.2966,0.3074,0.2949,0.3021,7059520.62,2129234.87
1556755200.0,2019-05-02,XRPUSD,0.2992,0.3017,0.295,0.2966,3431215.42,1023173.44
1556668800.0,2019-05-01,XRPUSD,0.3051,0.309,0.2956,0.2992,6892426.56,2073275.98
1556582400.0,2019-04-30,XRPUSD,0.2879,0.3084,0.2876,0.3051,13053864.58,3947393.66
1556496000.0,2019-04-29,XRPUSD,0.2908,0.2949,0.2836,0.2879,7783059.1,2249800.0
1556409600.0,2019-04-28,XRPUSD,0.2922,0.2955,0.2876,0.2908,4073342.35,1187157.35
1556323200.0,2019-04-27,XRPUSD,0.2938,0.296,0.2903,0.2922,3449016.18,1007881.56
1556236800.0,2019-04-26,XRPUSD,0.2864,0.2953,0.2822,0.2938,9355391.03,2700663.18
1556150400.0,2019-04-25,XRPUSD,0.301,0.308,0.2796,0.2864,13324626.45,3903143.57
1556064000.0,2019-04-24,XRPUSD,0.3201,0.3215,0.2902,0.301,21875979.07,6604509.26
1555977600.0,2019-04-23,XRPUSD,0.3241,0.3283,0.3201,0.3201,7860715.13,2554047.38
1555891200.0,2019-04-22,XRPUSD,0.3218,0.3327,0.3185,0.3241,8078370.68,2630370.89
1555804800.0,2019-04-21,XRPUSD,0.3281,0.3296,0.3176,0.3218,7724450.04,2478071.14
1555718400.0,2019-04-20,XRPUSD,0.332,0.3344,0.3231,0.3281,4498640.58,1487259.29
1555632000.0,2019-04-19,XRPUSD,0.3365,0.3365,0.3272,0.332,4245799.54,1405509.08
1555545600.0,2019-04-18,XRPUSD,0.3353,0.3488,0.3338,0.3365,8526989.47,2896665.17
1555459200.0,2019-04-17,XRPUSD,0.3256,0.3419,0.3207,0.3353,17017680.92,5605211.02
1555372800.0,2019-04-16,XRPUSD,0.3193,0.3266,0.3159,0.3256,5531368.57,1778001.1
1555286400.0,2019-04-15,XRPUSD,0.3295,0.3326,0.3134,0.3193,7492364.87,2413557.66
1555200000.0,2019-04-14,XRPUSD,0.3261,0.331,0.322,0.3295,2658630.65,867227.76
1555113600.0,2019-04-13,XRPUSD,0.3256,0.3369,0.3225,0.3261,5217418.36,1714733.08
1555027200.0,2019-04-12,XRPUSD,0.3295,0.3303,0.318,0.3256,6871224.52,2227675.19
1554940800.0,2019-04-11,XRPUSD,0.3542,0.3548,0.322,0.3295,18844387.63,6319860.24
1554854400.0,2019-04-10,XRPUSD,0.35,0.3611,0.349,0.3542,6759783.64,2406435.22
1554768000.0,2019-04-09,XRPUSD,0.3588,0.3591,0.3487,0.35,5190583.09,1831573.03
1554681600.0,2019-04-08,XRPUSD,0.3629,0.3704,0.3495,0.3588,10966445.83,3941165.64
1554595200.0,2019-04-07,XRPUSD,0.3525,0.3659,0.3509,0.3629,6373919.49,2292863.39
1554508800.0,2019-04-06,XRPUSD,0.3637,0.3637,0.3476,0.3525,11433406.43,4072874.64
1554422400.0,2019-04-05,XRPUSD,0.3307,0.3791,0.3307,0.3637,28859553.26,10496377.95
1554336000.0,2019-04-04,XRPUSD,0.3421,0.3492,0.3256,0.3307,14951556.05,5041491.37
1554249600.0,2019-04-03,XRPUSD,0.3533,0.375,0.328,0.3421,40384213.3,14464849.98
1554163200.0,2019-04-02,XRPUSD,0.3121,0.36,0.311,0.3533,44820144.28,15081460.79
1554076800.0,2019-04-01,XRPUSD,0.3081,0.3134,0.3071,0.3121,3139744.47,976665.18
1552953600.0,2019-03-19,XRPUSD,0.313,0.3138,0.3127,0.3128,202267.7,63318.45
1552867200.0,2019-03-18,XRPUSD,0.3142,0.3182,0.3105,0.313,3897369.14,1221347.81
1552780800.0,2019-03-17,XRPUSD,0.3177,0.3177,0.3128,0.3142,2748480.47,864692.83
1552694400.0,2019-03-16,XRPUSD,0.3129,0.32,0.3024,0.3177,12358558.99,3911244.96
1552608000.0,2019-03-15,XRPUSD,0.3096,0.3155,0.3086,0.3129,3131293.3,977560.24
1552521600.0,2019-03-14,XRPUSD,0.3129,0.3145,0.306,0.3096,5885098.14,1819300.59
1552435200.0,2019-03-13,XRPUSD,0.3085,0.3246,0.3061,0.3129,8260509.44,2600232.57
1552348800.0,2019-03-12,XRPUSD,0.3088,0.3099,0.3044,0.3085,4247735.85,1306416.05
1552262400.0,2019-03-11,XRPUSD,0.3116,0.3129,0.307,0.3088,6449818.78,1987397.8
1552176000.0,2019-03-10,XRPUSD,0.312,0.3159,0.3077,0.3116,6429295.21,2000382.24
1552089600.0,2019-03-09,XRPUSD,0.3062,0.3167,0.3055,0.312,5149131.34,1608858.2
1552003200.0,2019-03-08,XRPUSD,0.3113,0.3141,0.302,0.3062,5874233.51,1810735.27
1551916800.0,2019-03-07,XRPUSD,0.3156,0.3177,0.3108,0.3113,7456015.96,2334231.62
1551830400.0,2019-03-06,XRPUSD,0.3142,0.3197,0.3088,0.3156,8595219.39,2701782.72
1551744000.0,2019-03-05,XRPUSD,0.3007,0.317,0.3002,0.3142,9081757.48,2821108.16
1551657600.0,2019-03-04,XRPUSD,0.3094,0.3105,0.2972,0.3007,8435190.2,2554906.77
1551571200.0,2019-03-03,XRPUSD,0.3131,0.3144,0.3067,0.3094,4464141.28,1384964.16
1551484800.0,2019-03-02,XRPUSD,0.3145,0.3164,0.3083,0.3131,4903326.64,1533254.35
1551398400.0,2019-03-01,XRPUSD,0.3127,0.3233,0.3103,0.3145,10982699.42,3489680.76
1551312000.0,2019-02-28,XRPUSD,0.3092,0.3157,0.3051,0.3127,9299314.06,2885964.75
1551225600.0,2019-02-27,XRPUSD,0.3153,0.3175,0.2981,0.3092,9913091.26,3062186.94
1551139200.0,2019-02-26,XRPUSD,0.3265,0.334,0.3123,0.3153,11983073.33,3827910.37
1551052800.0,2019-02-25,XRPUSD,0.2966,0.3389,0.296,0.3265,24791417.05,7976761.48
1550966400.0,2019-02-24,XRPUSD,0.3315,0.3419,0.2941,0.2966,25325637.51,7874977.48
1550880000.0,2019-02-23,XRPUSD,0.3191,0.3337,0.3158,0.3315,9329999.86,3039385.52
1550793600.0,2019-02-22,XRPUSD,0.317,0.3207,0.3128,0.3191,4993184.38,1585454.72
1550707200.0,2019-02-21,XRPUSD,0.3293,0.33,0.3138,0.317,11158724.58,3549654.18
1550620800.0,2019-02-20,XRPUSD,0.3212,0.3335,0.3165,0.3293,11741767.6,3818361.52
1550534400.0,2019-02-19,XRPUSD,0.3195,0.346,0.318,0.3212,21906117.94,7256808.74
1550448000.0,2019-02-18,XRPUSD,0.3,0.3285,0.2976,0.3195,22477104.28,7029221.16
1550361600.0,2019-02-17,XRPUSD,0.298,0.3035,0.294,0.3,6020347.18,1798180.41
1550275200.0,2019-02-16,XRPUSD,0.2989,0.3004,0.2972,0.298,3222022.63,963750.11
1550188800.0,2019-02-15,XRPUSD,0.2978,0.3035,0.2937,0.2989,6351871.64,1892153.11
1550102400.0,2019-02-14,XRPUSD,0.301,0.3023,0.2971,0.2978,4880256.56,1463988.95
1550016000.0,2019-02-13,XRPUSD,0.3011,0.3094,0.2978,0.301,7845375.6,2373523.0
1549929600.0,2019-02-12,XRPUSD,0.2987,0.304,0.2939,0.3011,8362374.22,2496880.63
1549843200.0,2019-02-11,XRPUSD,0.3068,0.3074,0.2977,0.2987,5327991.23,1599552.15
1549756800.0,2019-02-10,XRPUSD,0.309,0.309,0.296,0.3068,9175051.22,2763590.45
1549670400.0,2019-02-09,XRPUSD,0.3082,0.3125,0.3043,0.309,8979591.55,2768870.15
1549584000.0,2019-02-08,XRPUSD,0.2883,0.3199,0.2863,0.3082,18868470.56,5722065.7
1549497600.0,2019-02-07,XRPUSD,0.2862,0.2905,0.2852,0.2883,5081270.15,1463808.59
1549411200.0,2019-02-06,XRPUSD,0.2958,0.2973,0.285,0.2862,12239293.53,3545726.26
1549324800.0,2019-02-05,XRPUSD,0.2948,0.2988,0.2928,0.2958,3803028.63,1121082.36
1549238400.0,2019-02-04,XRPUSD,0.2984,0.3016,0.2938,0.2948,4413500.14,1314672.02
1549152000.0,2019-02-03,XRPUSD,0.3068,0.309,0.294,0.2984,5059869.39,1524444.17
1549065600.0,2019-02-02,XRPUSD,0.304,0.3111,0.3018,0.3068,4942766.66,1507799.83
1548979200.0,2019-02-01,XRPUSD,0.3065,0.309,0.2932,0.304,10790164.63,3247379.84
1548892800.0,2019-01-31,XRPUSD,0.3188,0.3338,0.3015,0.3065,15463606.74,4868500.46
1548806400.0,2019-01-30,XRPUSD,0.2856,0.3239,0.2828,0.3188,20460157.21,6351791.3
1548720000.0,2019-01-29,XRPUSD,0.2926,0.2942,0.2806,0.2856,7319767.81,2105846.29
1548633600.0,2019-01-28,XRPUSD,0.305,0.3056,0.2773,0.2926,12208435.21,3542839.21
1548547200.0,2019-01-27,XRPUSD,0.3116,0.3127,0.302,0.305,2450164.7,752449.1
1548460800.0,2019-01-26,XRPUSD,0.3134,0.318,0.3111,0.3116,3462251.49,1088047.08
1548374400.0,2019-01-25,XRPUSD,0.3152,0.317,0.3097,0.3134,4322112.76,1353359.91
1548288000.0,2019-01-24,XRPUSD,0.3146,0.3184,0.3123,0.3152,3234852.16,1019640.04
1548201600.0,2019-01-23,XRPUSD,0.318,0.3199,0.3125,0.3146,3973638.58,1256869.15
1548115200.0,2019-01-22,XRPUSD,0.3179,0.3229,0.3046,0.318,5784626.14,1829601.2
1548028800.0,2019-01-21,XRPUSD,0.3168,0.3218,0.3131,0.3179,2413185.02,765024.73
1547942400.0,2019-01-20,XRPUSD,0.3284,0.33,0.31,0.3168,5959779.15,1899810.76
1547856000.0,2019-01-19,XRPUSD,0.3214,0.3353,0.3209,0.3284,5641507.79,1853795.99
1547769600.0,2019-01-18,XRPUSD,0.3269,0.3275,0.3174,0.3214,5299030.55,1705596.62
1547683200.0,2019-01-17,XRPUSD,0.3279,0.3297,0.321,0.3269,4750410.53,1545264.86
1547596800.0,2019-01-16,XRPUSD,0.3241,0.3342,0.3228,0.3279,6962051.14,2271733.53
1547510400.0,2019-01-15,XRPUSD,0.332,0.335,0.3195,0.3241,7041270.65,2305513.02
1547424000.0,2019-01-14,XRPUSD,0.3141,0.3386,0.3141,0.332,9248300.58,3035539.44
1547337600.0,2019-01-13,XRPUSD,0.3284,0.332,0.311,0.3141,7116504.91,2261137.0
1547251200.0,2019-01-12,XRPUSD,0.3291,0.3352,0.3245,0.3284,3062365.31,1007193.82
1547164800.0,2019-01-11,XRPUSD,0.3279,0.3356,0.3224,0.3291,7587590.45,2502088.42
1547078400.0,2019-01-10,XRPUSD,0.3678,0.3822,0.3168,0.3279,27518711.73,9504830.8
1546992000.0,2019-01-09,XRPUSD,0.3641,0.3715,0.3589,0.3678,7095695.54,2593171.61
1546905600.0,2019-01-08,XRPUSD,0.3628,0.371,0.358,0.3641,6855171.11,2487257.94
1546819200.0,2019-01-07,XRPUSD,0.3649,0.376,0.358,0.3628,9177530.13,3369015.12
1546732800.0,2019-01-06,XRPUSD,0.3511,0.369,0.347,0.3649,8546621.02,3078164.47
1546646400.0,2019-01-05,XRPUSD,0.3563,0.3616,0.3472,0.3511,5273660.89,1875962.77
1546560000.0,2019-01-04,XRPUSD,0.3542,0.3604,0.3461,0.3563,5283005.64,1868444.29
1546473600.0,2019-01-03,XRPUSD,0.3716,0.3716,0.3492,0.3542,7812063.77,2811327.96
1546387200.0,2019-01-02,XRPUSD,0.3632,0.3775,0.3563,0.3716,10137536.67,3704854.85
1546300800.0,2019-01-01,XRPUSD,0.3478,0.3638,0.344,0.3632,8144384.01,2881626.88
1546214400.0,2018-12-31,XRPUSD,0.3676,0.3728,0.3438,0.3478,9335400.52,3327225.28
1546128000.0,2018-12-30,XRPUSD,0.3588,0.3691,0.3514,0.3676,7372145.32,2669919.82
1546041600.0,2018-12-29,XRPUSD,0.3748,0.3837,0.356,0.3588,9812809.59,3644022.31
1545955200.0,2018-12-28,XRPUSD,0.3358,0.3802,0.333,0.3748,13977316.78,5019875.19
1545868800.0,2018-12-27,XRPUSD,0.3756,0.3769,0.3286,0.3358,10303277.81,3643118.47
1545782400.0,2018-12-26,XRPUSD,0.3792,0.391,0.356,0.3756,10752595.25,4004569.49
1545696000.0,2018-12-25,XRPUSD,0.4033,0.4056,0.3631,0.3792,16296559.14,6151636.36
1545609600.0,2018-12-24,XRPUSD,0.3681,0.452,0.3681,0.4033,24322676.64,10120027.98
1545523200.0,2018-12-23,XRPUSD,0.36,0.385,0.3577,0.3681,6621290.15,2433566.69
1545436800.0,2018-12-22,XRPUSD,0.3543,0.3626,0.345,0.36,7883343.9,2777066.19
1545350400.0,2018-12-21,XRPUSD,0.3747,0.3844,0.3493,0.3543,10642186.48,3881473.45
1545264000.0,2018-12-20,XRPUSD,0.347,0.3888,0.3418,0.3747,14006499.33,5185153.78
1545177600.0,2018-12-19,XRPUSD,0.3504,0.3943,0.341,0.347,20447671.65,7490939.25
1545091200.0,2018-12-18,XRPUSD,0.3261,0.3504,0.3212,0.3504,10323258.83,3448865.54
1545004800.0,2018-12-17,XRPUSD,0.2829,0.3366,0.2819,0.3261,14349333.76,4526312.96
1544918400.0,2018-12-16,XRPUSD,0.2812,0.292,0.2812,0.2829,2190998.35,627752.72
1544832000.0,2018-12-15,XRPUSD,0.2845,0.2876,0.2775,0.2812,5674089.01,1592724.1
1544745600.0,2018-12-14,XRPUSD,0.2956,0.2961,0.28,0.2845,6965337.53,2003814.5
1544659200.0,2018-12-13,XRPUSD,0.3036,0.3044,0.2923,0.2956,3714583.29,1108091.85
1544572800.0,2018-12-12,XRPUSD,0.2962,0.3091,0.2947,0.3036,5088681.08,1536757.42
1544486400.0,2018-12-11,XRPUSD,0.2971,0.3069,0.2915,0.2968,4137056.0,1226251.92
1544400000.0,2018-12-10,XRPUSD,0.3083,0.312,0.2911,0.2971,6406100.35,1917696.82
1544313600.0,2018-12-09,XRPUSD,0.301,0.3179,0.2964,0.3083,4801844.03,1468136.97
1544227200.0,2018-12-08,XRPUSD,0.299,0.3194,0.2895,0.301,7214402.99,2192848.93
1544140800.0,2018-12-07,XRPUSD,0.303,0.3102,0.286,0.299,14746841.2,4389186.57
1544054400.0,2018-12-06,XRPUSD,0.332,0.3407,0.301,0.303,12224049.59,3951401.4
1543968000.0,2018-12-05,XRPUSD,0.3479,0.3487,0.331,0.332,5082472.86,1722935.29
1543881600.0,2018-12-04,XRPUSD,0.3429,0.3599,0.3338,0.3479,12414304.33,4321768.33
1543795200.0,2018-12-03,XRPUSD,0.364,0.3647,0.3397,0.3429,10056208.88,3499128.55
1543708800.0,2018-12-02,XRPUSD,0.3681,0.3753,0.3597,0.364,3906801.67,1427421.79
1543622400.0,2018-12-01,XRPUSD,0.3587,0.375,0.3512,0.3681,3991484.25,1458578.6
1543536000.0,2018-11-30,XRPUSD,0.3768,0.38,0.35,0.3575,6780360.09,2450842.25
1543449600.0,2018-11-29,XRPUSD,0.3885,0.3919,0.367,0.3768,8446313.3,3197190.12
1543363200.0,2018-11-28,XRPUSD,0.356,0.4011,0.3559,0.3885,13414535.35,5097633.59
1543276800.0,2018-11-27,XRPUSD,0.3507,0.3658,0.3354,0.356,8813916.39,3068998.76
1543190400.0,2018-11-26,XRPUSD,0.3681,0.3844,0.3303,0.3507,18935851.38,6745750.37
1543104000.0,2018-11-25,XRPUSD,0.365,0.3832,0.3123,0.3681,24471135.08,8401677.32
1543017600.0,2018-11-24,XRPUSD,0.4017,0.413,0.3545,0.365,14420833.39,5491926.31
1542931200.0,2018-11-23,XRPUSD,0.4166,0.4231,0.3872,0.4017,15982872.28,6435506.56
1542844800.0,2018-11-22,XRPUSD,0.4421,0.4445,0.4142,0.4166,6473379.08,2796219.57
1542758400.0,2018-11-21,XRPUSD,0.4235,0.5,0.404,0.4421,16412372.49,7078168.34
1542672000.0,2018-11-20,XRPUSD,0.4657,0.493,0.4009,0.4235,33253209.28,14740183.88
1542585600.0,2018-11-19,XRPUSD,0.5065,0.5065,0.4599,0.4657,18851311.28,9052975.69
1542499200.0,2018-11-18,XRPUSD,0.487,0.5185,0.4858,0.5065,8873154.85,4459837.34
1542412800.0,2018-11-17,XRPUSD,0.4659,0.4986,0.4606,0.487,6484414.38,3094729.1
1542326400.0,2018-11-16,XRPUSD,0.4747,0.4832,0.4574,0.4659,12317248.22,5773092.3
1542240000.0,2018-11-15,XRPUSD,0.4579,0.4786,0.4132,0.4747,26813656.4,12076517.33
1542153600.0,2018-11-14,XRPUSD,0.5011,0.5036,0.402,0.4579,27503740.25,12385723.7
1542067200.0,2018-11-13,XRPUSD,0.5141,0.5208,0.497,0.5011,6121559.72,3126905.33
1541980800.0,2018-11-12,XRPUSD,0.5019,0.5255,0.497,0.5141,5575689.38,2853653.17
1541894400.0,2018-11-11,XRPUSD,0.5014,0.5054,0.492,0.5019,3726755.37,1864196.48
1541808000.0,2018-11-10,XRPUSD,0.4975,0.5095,0.4963,0.5014,3309582.51,1665961.53
1541721600.0,2018-11-09,XRPUSD,0.491,0.515,0.4866,0.4975,8125798.38,4058469.59
1541635200.0,2018-11-08,XRPUSD,0.5351,0.54,0.486,0.491,12695782.05,6456321.23
1541548800.0,2018-11-07,XRPUSD,0.5502,0.5507,0.5204,0.5351,8477429.26,4530273.41
1541462400.0,2018-11-06,XRPUSD,0.4965,0.562,0.4965,0.5502,20128199.94,10621344.14
1541376000.0,2018-11-05,XRPUSD,0.4664,0.5,0.4589,0.4965,11443605.37,5471855.8
1541289600.0,2018-11-04,XRPUSD,0.4537,0.4755,0.447,0.4664,7601826.41,3520165.41
1541203200.0,2018-11-03,XRPUSD,0.456,0.4572,0.4513,0.4537,2119337.85,962679.92
1541116800.0,2018-11-02,XRPUSD,0.456,0.463,0.4543,0.456,6538043.89,2997716.09
1541030400.0,2018-11-01,XRPUSD,0.45,0.4578,0.4465,0.456,4358343.44,1965634.44
1540944000.0,2018-10-31,XRPUSD,0.4436,0.4577,0.4333,0.45,5901806.03,2622450.45
1540857600.0,2018-10-30,XRPUSD,0.4397,0.4478,0.4376,0.4436,4417939.19,1954653.63
1540771200.0,2018-10-29,XRPUSD,0.46,0.46,0.4263,0.4397,8622324.72,3800554.89
1540684800.0,2018-10-28,XRPUSD,0.4537,0.46,0.4527,0.46,3709404.44,1690941.45
1540598400.0,2018-10-27,XRPUSD,0.4575,0.4583,0.4503,0.4537,2705488.68,1227747.52
1540512000.0,2018-10-26,XRPUSD,0.4537,0.4592,0.4488,0.4575,4595866.17,2090732.85
1540425600.0,2018-10-25,XRPUSD,0.4543,0.462,0.4478,0.4537,5438953.58,2468481.07
1540339200.0,2018-10-24,XRPUSD,0.4593,0.4662,0.45,0.4543,3581500.45,1641722.29
1540252800.0,2018-10-23,XRPUSD,0.4508,0.4742,0.432,0.4593,7873277.63,3530486.63
1540166400.0,2018-10-22,XRPUSD,0.4538,0.4568,0.444,0.4508,2753289.3,1239904.69
1540080000.0,2018-10-21,XRPUSD,0.4557,0.4606,0.4512,0.4538,1723617.19,786912.93
1539993600.0,2018-10-20,XRPUSD,0.4499,0.46,0.4462,0.4557,2568392.35,1167870.39
1539907200.0,2018-10-19,XRPUSD,0.4551,0.4553,0.4437,0.4499,3889343.65,1745986.88
1539820800.0,2018-10-18,XRPUSD,0.464,0.4722,0.44,0.4551,7679767.35,3493385.26
1539734400.0,2018-10-17,XRPUSD,0.4637,0.4748,0.4522,0.464,7323994.42,3385832.13
1539648000.0,2018-10-16,XRPUSD,0.4393,0.4393,0.4385,0.4385,0.0,0.0
1539561600.0,2018-10-15,XRPUSD,0.3982,0.471,0.388,0.4393,18898838.72,8226656.95
1539475200.0,2018-10-14,XRPUSD,0.4127,0.4224,0.3932,0.3982,3591333.09,1469199.04
1539388800.0,2018-10-13,XRPUSD,0.4123,0.4261,0.4082,0.4127,4138314.39,1720227.57
1539302400.0,2018-10-12,XRPUSD,0.3748,0.4392,0.3715,0.4123,10141137.41,4201556.35
1539216000.0,2018-10-11,XRPUSD,0.4589,0.4589,0.2843,0.3748,21975860.41,8803124.27
1539129600.0,2018-10-10,XRPUSD,0.4775,0.4775,0.45,0.4589,5081566.7,2347706.18
1539043200.0,2018-10-09,XRPUSD,0.4874,0.49,0.4675,0.4775,3616405.69,1724104.88
1538956800.0,2018-10-08,XRPUSD,0.4796,0.5,0.4759,0.4874,8956264.64,4367258.17
1538870400.0,2018-10-07,XRPUSD,0.4819,0.4878,0.4659,0.4796,4554493.45,2159382.67
1538784000.0,2018-10-06,XRPUSD,0.5171,0.5185,0.4615,0.4819,8246771.85,4019436.83
1538697600.0,2018-10-05,XRPUSD,0.5255,0.5297,0.5038,0.5171,5050059.71,2607315.49
1538611200.0,2018-10-04,XRPUSD,0.5253,0.5463,0.5226,0.5255,4766399.54,2544886.7
1538524800.0,2018-10-03,XRPUSD,0.5136,0.5347,0.5019,0.5253,8320674.41,4319797.64
1538438400.0,2018-10-02,XRPUSD,0.5745,0.5788,0.51,0.5136,8742917.08,4813374.72
1538352000.0,2018-10-01,XRPUSD,0.5792,0.6045,0.532,0.5745,18368266.34,10384700.89
1538265600.0,2018-09-30,XRPUSD,0.5678,0.619,0.5551,0.5792,11882745.25,7004609.94
1538179200.0,2018-09-29,XRPUSD,0.5398,0.594,0.5249,0.5678,11321144.61,6334584.79
1538092800.0,2018-09-28,XRPUSD,0.5438,0.55,0.515,0.5398,9014571.1,4819035.17
1538006400.0,2018-09-27,XRPUSD,0.512,0.557,0.5056,0.5438,9915853.98,5271324.98
1537920000.0,2018-09-26,XRPUSD,0.5246,0.5739,0.4829,0.512,25320234.5,13395720.16
1537833600.0,2018-09-25,XRPUSD,0.4924,0.55,0.4335,0.5246,25853010.19,12225646.67
1537747200.0,2018-09-24,XRPUSD,0.572,0.5833,0.481,0.4924,18199298.9,9450874.58
1537660800.0,2018-09-23,XRPUSD,0.573,0.597,0.5562,0.572,9946159.11,5718491.59
1537574400.0,2018-09-22,XRPUSD,0.5641,0.6287,0.4889,0.573,27678399.38,15471735.95
1537488000.0,2018-09-21,XRPUSD,0.4482,0.8,0.4256,0.5641,64345959.38,36484815.76
1537401600.0,2018-09-20,XRPUSD,0.3269,0.4917,0.3214,0.4482,25212711.44,10153191.47
1537315200.0,2018-09-19,XRPUSD,0.3184,0.335,0.3104,0.3269,9100070.9,2937980.71
1537228800.0,2018-09-18,XRPUSD,0.2708,0.3351,0.2697,0.3184,14071618.03,4354765.31
1537142400.0,2018-09-17,XRPUSD,0.281,0.2829,0.2661,0.2708,6563941.01,1796487.5
1537056000.0,2018-09-16,XRPUSD,0.2816,0.2818,0.2727,0.281,1182226.58,328496.5
1536969600.0,2018-09-15,XRPUSD,0.2756,0.2842,0.2756,0.2816,1769006.9,495245.47
1536883200.0,2018-09-14,XRPUSD,0.2786,0.2847,0.2725,0.2756,8279387.35,2307924.41
1536796800.0,2018-09-13,XRPUSD,0.2694,0.286,0.267,0.2786,7449882.53,2069484.69
1536710400.0,2018-09-12,XRPUSD,0.2622,0.2732,0.2536,0.2694,7857542.14,2054898.25
1536624000.0,2018-09-11,XRPUSD,0.2695,0.2743,0.249,0.2622,8652064.78,2245913.83
1536537600.0,2018-09-10,XRPUSD,0.2749,0.2816,0.2599,0.2695,5815927.08,1563857.78
1536451200.0,2018-09-09,XRPUSD,0.2766,0.2907,0.2708,0.2749,5522636.38,1563255.08
1536364800.0,2018-09-08,XRPUSD,0.287,0.2926,0.2686,0.2766,5487256.4,1522322.24
1536278400.0,2018-09-07,XRPUSD,0.3007,0.3033,0.2811,0.287,4768996.97,1393873.09
1536192000.0,2018-09-06,XRPUSD,0.2787,0.304,0.2668,0.3007,14216727.75,4058131.1
1536105600.0,2018-09-05,XRPUSD,0.3306,0.3337,0.2767,0.2787,14941535.89,4463038.26
1536019200.0,2018-09-04,XRPUSD,0.335,0.34,0.3285,0.3306,1773319.24,591997.02
1535932800.0,2018-09-03,XRPUSD,0.341,0.3427,0.3328,0.335,2019126.8,679953.47
1535846400.0,2018-09-02,XRPUSD,0.3464,0.3492,0.3354,0.341,3416638.17,1167993.0
1535760000.0,2018-09-01,XRPUSD,0.335,0.3529,0.335,0.3464,2885010.17,993530.0
1535673600.0,2018-08-31,XRPUSD,0.3352,0.34,0.3272,0.335,3058816.41,1016748.46
1535587200.0,2018-08-30,XRPUSD,0.3448,0.3462,0.3228,0.3352,3882436.92,1285894.9
1535500800.0,2018-08-29,XRPUSD,0.3514,0.355,0.3387,0.3448,3737948.04,1291983.21
1535414400.0,2018-08-28,XRPUSD,0.3375,0.3579,0.3349,0.3514,6203199.1,2142248.32
1535328000.0,2018-08-27,XRPUSD,0.3227,0.34,0.3221,0.3375,3948142.63,1297063.88
1535241600.0,2018-08-26,XRPUSD,0.3264,0.3279,0.319,0.3227,1481430.64,478117.47
1535155200.0,2018-08-25,XRPUSD,0.3263,0.3322,0.3221,0.3264,1382373.87,452715.01
1535068800.0,2018-08-24,XRPUSD,0.326,0.3294,0.3155,0.3263,2449377.6,788036.09
1534982400.0,2018-08-23,XRPUSD,0.3178,0.3296,0.3155,0.326,2681244.66,861026.15
1534896000.0,2018-08-22,XRPUSD,0.3339,0.3541,0.309,0.3178,7790960.95,2576901.5
1534809600.0,2018-08-21,XRPUSD,0.3142,0.3377,0.3123,0.3339,3481150.46,1139836.53
1534723200.0,2018-08-20,XRPUSD,0.3423,0.3504,0.312,0.3142,5670025.84,1887317.21
1534636800.0,2018-08-19,XRPUSD,0.3294,0.3527,0.319,0.3423,4558489.65,1553394.57
1534550400.0,2018-08-18,XRPUSD,0.3682,0.3719,0.3131,0.3294,6873654.13,2306603.62
1534464000.0,2018-08-17,XRPUSD,0.2929,0.3772,0.2906,0.3682,7453209.49,2470349.49
1534377600.0,2018-08-16,XRPUSD,0.2803,0.3014,0.276,0.2929,6516988.99,1888998.5
1534291200.0,2018-08-15,XRPUSD,0.2734,0.3031,0.273,0.2803,11443447.39,3294385.44
1534204800.0,2018-08-14,XRPUSD,0.2747,0.2766,0.2465,0.2734,8299485.44,2153799.53
1534118400.0,2018-08-13,XRPUSD,0.2958,0.3087,0.271,0.2747,4565337.13,1325481.72
1534032000.0,2018-08-12,XRPUSD,0.2933,0.2933,0.2933,0.2933,0.0,0.0
1533945600.0,2018-08-11,XRPUSD,0.319,0.3198,0.2881,0.2933,5092204.48,1534185.3
1533859200.0,2018-08-10,XRPUSD,0.3451,0.3463,0.3125,0.319,4541353.51,1492570.42
1533772800.0,2018-08-09,XRPUSD,0.3319,0.3575,0.3284,0.3451,6145533.24,2106714.06
1533686400.0,2018-08-08,XRPUSD,0.3787,0.3787,0.32,0.3319,10231643.02,3536614.71
1533600000.0,2018-08-07,XRPUSD,0.4124,0.415,0.3753,0.3787,6055203.2,2407684.52
1533513600.0,2018-08-06,XRPUSD,0.4346,0.4366,0.4026,0.4124,3051687.36,1286784.28
1533427200.0,2018-08-05,XRPUSD,0.4295,0.4366,0.4268,0.4346,1090165.52,469323.02
1533340800.0,2018-08-04,XRPUSD,0.4399,0.4438,0.427,0.4295,1559726.28,676909.68
1533254400.0,2018-08-03,XRPUSD,0.4304,0.4448,0.4259,0.4399,2965443.82,1297835.36
1533168000.0,2018-08-02,XRPUSD,0.446,0.4474,0.4301,0.4304,1120697.88,490556.73
1533081600.0,2018-08-01,XRPUSD,0.4345,0.4608,0.4265,0.446,3776062.38,1675049.7
1532995200.0,2018-07-31,XRPUSD,0.4457,0.4468,0.4268,0.4345,4063447.14,1766941.6
1532908800.0,2018-07-30,XRPUSD,0.4528,0.456,0.4342,0.4457,2463997.99,1097032.24
1532822400.0,2018-07-29,XRPUSD,0.4568,0.458,0.4501,0.4528,454152.03,205732.94
1532736000.0,2018-07-28,XRPUSD,0.4532,0.4577,0.448,0.4568,845290.79,383298.29
1532649600.0,2018-07-27,XRPUSD,0.4488,0.4608,0.4436,0.4532,2161426.57,976763.53
1532563200.0,2018-07-26,XRPUSD,0.459,0.469,0.4461,0.4488,2600480.57,1191524.26
1532476800.0,2018-07-25,XRPUSD,0.4576,0.4678,0.4517,0.459,4281180.46,1970376.02
1532390400.0,2018-07-24,XRPUSD,0.4456,0.47,0.4375,0.4576,10063455.01,4583629.18
1532304000.0,2018-07-23,XRPUSD,0.4498,0.4656,0.442,0.4456,2645712.63,1200774.19
1532217600.0,2018-07-22,XRPUSD,0.4529,0.4625,0.4461,0.4498,2122616.15,969036.25
1532131200.0,2018-07-21,XRPUSD,0.4436,0.46,0.4346,0.4529,4511261.33,2034311.08
1532044800.0,2018-07-20,XRPUSD,0.4763,0.4766,0.4291,0.4436,5490202.15,2487171.34
1531958400.0,2018-07-19,XRPUSD,0.4889,0.4944,0.4716,0.4763,2861071.31,1374515.13
1531872000.0,2018-07-18,XRPUSD,0.5079,0.5238,0.4763,0.4889,7092816.81,3571731.04
1531785600.0,2018-07-17,XRPUSD,0.4827,0.52,0.469,0.5079,7267409.11,3595431.38
1531699200.0,2018-07-16,XRPUSD,0.4467,0.4834,0.443,0.4827,5584889.85,2595996.95
1531612800.0,2018-07-15,XRPUSD,0.4391,0.4493,0.4356,0.4467,1631282.38,725500.75
1531526400.0,2018-07-14,XRPUSD,0.4393,0.4425,0.414,0.4391,2705970.59,1172934.55
1531440000.0,2018-07-13,XRPUSD,0.4366,0.4457,0.4305,0.4393,2216136.7,972124.72
1531353600.0,2018-07-12,XRPUSD,0.4491,0.4491,0.4225,0.4366,5505445.78,2382432.48
1531267200.0,2018-07-11,XRPUSD,0.4426,0.4518,0.4402,0.4491,2498790.27,1113640.6
1531180800.0,2018-07-10,XRPUSD,0.472,0.4728,0.4391,0.4426,4534644.61,2057987.26
1531094400.0,2018-07-09,XRPUSD,0.4782,0.481,0.47,0.472,2866849.12,1359636.25
1531008000.0,2018-07-08,XRPUSD,0.4845,0.4877,0.475,0.4782,1833308.51,886778.78
1530921600.0,2018-07-07,XRPUSD,0.4758,0.4865,0.4627,0.4845,1582699.64,745639.18
1530835200.0,2018-07-06,XRPUSD,0.4776,0.481,0.459,0.4758,2223295.76,1045726.72
1530748800.0,2018-07-05,XRPUSD,0.492,0.5002,0.4696,0.4776,3704421.86,1792479.84
1530662400.0,2018-07-04,XRPUSD,0.4847,0.506,0.475,0.492,2994379.24,1472256.98
1530576000.0,2018-07-03,XRPUSD,0.4891,0.52,0.4778,0.4847,4548523.61,2258149.71
1530489600.0,2018-07-02,XRPUSD,0.4616,0.4974,0.452,0.4891,6659989.34,3212826.25
1530403200.0,2018-07-01,XRPUSD,0.4687,0.4696,0.4502,0.4616,1722319.43,788693.54
1530316800.0,2018-06-30,XRPUSD,0.4545,0.482,0.4544,0.4687,3627713.68,1697638.54
1530230400.0,2018-06-29,XRPUSD,0.4474,0.46,0.4241,0.4545,5053905.93,2216423.37
1530144000.0,2018-06-28,XRPUSD,0.471,0.4725,0.4392,0.4474,3663110.21,1661086.08
1530057600.0,2018-06-27,XRPUSD,0.4526,0.4749,0.448,0.471,3169290.8,1461612.95
1529971200.0,2018-06-26,XRPUSD,0.4802,0.4823,0.4516,0.4526,2392437.27,1129846.43
1529884800.0,2018-06-25,XRPUSD,0.4744,0.4929,0.4722,0.4802,4646796.5,2227638.98
1529798400.0,2018-06-24,XRPUSD,0.4899,0.4949,0.4402,0.4744,8037433.45,3726276.75
1529712000.0,2018-06-23,XRPUSD,0.4816,0.4939,0.4758,0.4899,1582643.81,770530.24
1529625600.0,2018-06-22,XRPUSD,0.5332,0.5366,0.47,0.4816,6422776.74,3193230.37
1529539200.0,2018-06-21,XRPUSD,0.54,0.549,0.5302,0.5332,1278810.79,688240.97
1529452800.0,2018-06-20,XRPUSD,0.5492,0.55,0.5229,0.54,2025684.88,1085760.2
1529366400.0,2018-06-19,XRPUSD,0.5386,0.5882,0.5341,0.5492,3200867.2,1745221.85
1529280000.0,2018-06-18,XRPUSD,0.5259,0.5512,0.5097,0.5386,3942577.46,2089289.74
1529193600.0,2018-06-17,XRPUSD,0.5337,0.54,0.5224,0.5259,1425260.92,756582.75
1529107200.0,2018-06-16,XRPUSD,0.533,0.5381,0.5187,0.5337,1539447.11,816753.16
1529020800.0,2018-06-15,XRPUSD,0.5564,0.5627,0.5281,0.533,3821556.32,2086438.25
1528934400.0,2018-06-14,XRPUSD,0.5282,0.568,0.5205,0.5564,7567706.55,4131667.78
1528848000.0,2018-06-13,XRPUSD,0.5585,0.5603,0.502,0.5282,8488603.77,4496285.83
1528761600.0,2018-06-12,XRPUSD,0.5985,0.5994,0.5448,0.5585,6493970.75,3718127.2
1528675200.0,2018-06-11,XRPUSD,0.5827,0.5999,0.561,0.5985,5721463.47,3309660.64
1528588800.0,2018-06-10,XRPUSD,0.6578,0.6578,0.555,0.5827,8733025.08,5279573.88
1528502400.0,2018-06-09,XRPUSD,0.6725,0.6799,0.6564,0.6578,2001450.58,1332704.78
1528416000.0,2018-06-08,XRPUSD,0.6782,0.68,0.6564,0.6725,1891857.91,1267376.81
1528329600.0,2018-06-07,XRPUSD,0.6747,0.6885,0.6687,0.6782,2686328.78,1823482.23
1528243200.0,2018-06-06,XRPUSD,0.6737,0.6849,0.654,0.6747,3979827.4,2663052.17
1528156800.0,2018-06-05,XRPUSD,0.6555,0.685,0.634,0.6737,5079532.97,3353596.32
1528070400.0,2018-06-04,XRPUSD,0.6876,0.7041,0.6352,0.6555,10199495.53,6774326.87
1527984000.0,2018-06-03,XRPUSD,0.6421,0.6882,0.6374,0.6876,7187757.21,4753172.85
1527897600.0,2018-06-02,XRPUSD,0.6203,0.6495,0.61,0.6421,6076647.71,3851710.21
1527811200.0,2018-06-01,XRPUSD,0.6111,0.6235,0.6042,0.6203,4601488.29,2814766.93
1527724800.0,2018-05-31,XRPUSD,0.6005,0.62,0.5882,0.6111,3552161.91,2160792.31
1527638400.0,2018-05-30,XRPUSD,0.5999,0.6263,0.5818,0.6005,6130002.78,3684843.37
1527552000.0,2018-05-29,XRPUSD,0.548,0.61,0.5455,0.5999,7682322.16,4473337.6
1527465600.0,2018-05-28,XRPUSD,0.6033,0.6093,0.5457,0.548,6673363.72,3844169.57
1527379200.0,2018-05-27,XRPUSD,0.6079,0.6102,0.5964,0.6033,2303223.91,1388324.89
1527292800.0,2018-05-26,XRPUSD,0.6058,0.6266,0.5973,0.6079,3313223.76,2041644.48
1527206400.0,2018-05-25,XRPUSD,0.6297,0.6331,0.5937,0.6058,5604297.53,3420476.09
1527120000.0,2018-05-24,XRPUSD,0.5916,0.638,0.5771,0.6297,6711473.46,4088744.21
1527033600.0,2018-05-23,XRPUSD,0.6377,0.6771,0.575,0.5916,11087662.71,6720406.81
1526947200.0,2018-05-22,XRPUSD,0.6759,0.6784,0.6354,0.6377,3082917.33,2036838.57
1526860800.0,2018-05-21,XRPUSD,0.6982,0.702,0.67,0.6759,3440778.83,2357162.44
1526774400.0,2018-05-20,XRPUSD,0.6753,0.7067,0.6695,0.6982,3128363.34,2163732.52
1526688000.0,2018-05-19,XRPUSD,0.6754,0.6913,0.662,0.6753,1950923.44,1316638.19
1526601600.0,2018-05-18,XRPUSD,0.66,0.6838,0.6468,0.6754,4702291.3,3131540.67
1526515200.0,2018-05-17,XRPUSD,0.7088,0.7137,0.65,0.66,5020019.14,3429868.97
1526428800.0,2018-05-16,XRPUSD,0.6909,0.71,0.66,0.7088,7288025.29,4944053.71
1526342400.0,2018-05-15,XRPUSD,0.7282,0.748,0.6831,0.6909,6829102.69,4916707.03
1526256000.0,2018-05-14,XRPUSD,0.7301,0.7494,0.69,0.7282,10422396.82,7499947.79
1526169600.0,2018-05-13,XRPUSD,0.684,0.748,0.665,0.7301,7675487.11,5483930.59
1526083200.0,2018-05-12,XRPUSD,0.6789,0.708,0.631,0.684,9568244.8,6465975.91
1525996800.0,2018-05-11,XRPUSD,0.7482,0.7577,0.6501,0.6789,21754351.13,15092899.21
1525910400.0,2018-05-10,XRPUSD,0.7956,0.8052,0.7455,0.7482,5167683.31,4040008.1
1525824000.0,2018-05-09,XRPUSD,0.8058,0.8156,0.76,0.7956,10821184.25,8452743.4
1525737600.0,2018-05-08,XRPUSD,0.8286,0.8453,0.7919,0.8058,5158206.9,4196597.06
1525651200.0,2018-05-07,XRPUSD,0.8599,0.8629,0.8011,0.8286,8222673.92,6762776.49
1525564800.0,2018-05-06,XRPUSD,0.8986,0.91,0.8377,0.8599,6770007.56,5867508.18
1525478400.0,2018-05-05,XRPUSD,0.8882,0.924,0.8854,0.8986,4495877.21,4065295.57
1525392000.0,2018-05-04,XRPUSD,0.8734,0.9247,0.8562,0.8882,8853006.39,7900672.15
1525305600.0,2018-05-03,XRPUSD,0.858,0.89,0.84,0.8734,8480588.25,7383584.34
1525219200.0,2018-05-02,XRPUSD,0.8356,0.8749,0.825,0.858,7232277.11,6146417.29
1525132800.0,2018-05-01,XRPUSD,0.831,0.8395,0.781,0.8356,7761013.26,6275403.89
1525046400.0,2018-04-30,XRPUSD,0.8699,0.875,0.8167,0.831,5772929.94,4874016.93
1524960000.0,2018-04-29,XRPUSD,0.8603,0.9086,0.8251,0.8699,8468313.87,7340008.74
1524873600.0,2018-04-28,XRPUSD,0.8068,0.89,0.8031,0.8603,6817314.92,5799100.9
1524787200.0,2018-04-27,XRPUSD,0.8488,0.8622,0.8015,0.8068,8126669.05,6810153.31
1524700800.0,2018-04-26,XRPUSD,0.7951,0.8499,0.758,0.8488,14336949.25,11543681.36
1524614400.0,2018-04-25,XRPUSD,0.92,0.9266,0.7695,0.7951,28839707.1,23932333.85
1524528000.0,2018-04-24,XRPUSD,0.8734,0.964,0.8672,0.92,15945214.43,14713114.52
1524441600.0,2018-04-23,XRPUSD,0.8639,0.885,0.85,0.8734,5816413.05,5055896.8
1524355200.0,2018-04-22,XRPUSD,0.87,0.919,0.84,0.8639,10123234.08,8972748.62
1524268800.0,2018-04-21,XRPUSD,0.9268,0.9274,0.81,0.87,13643935.26,11846507.95
1524182400.0,2018-04-20,XRPUSD,0.782,0.9405,0.782,0.9268,25618461.05,22134911.56
1524096000.0,2018-04-19,XRPUSD,0.7122,0.7871,0.7041,0.782,12526393.87,9251823.31
1524009600.0,2018-04-18,XRPUSD,0.6534,0.73,0.6516,0.7122,10238943.79,7098224.8
1523923200.0,2018-04-17,XRPUSD,0.6622,0.682,0.6468,0.6534,5222555.28,3478785.98
1523836800.0,2018-04-16,XRPUSD,0.6961,0.6974,0.6364,0.6622,6478541.3,4285226.7
1523750400.0,2018-04-15,XRPUSD,0.6395,0.6984,0.6395,0.6961,7395114.35,4985001.33
1523664000.0,2018-04-14,XRPUSD,0.6416,0.674,0.6225,0.6395,9710554.89,6282966.71
1523577600.0,2018-04-13,XRPUSD,0.6433,0.7081,0.613,0.6416,25241937.71,16585436.32
1523491200.0,2018-04-12,XRPUSD,0.5412,0.6657,0.5021,0.6433,25698922.02,14683193.96
1523404800.0,2018-04-11,XRPUSD,0.4908,0.555,0.486,0.5412,8079793.27,4158254.99
1523318400.0,2018-04-10,XRPUSD,0.4873,0.4934,0.4777,0.4908,3315245.95,1610977.41
1523232000.0,2018-04-09,XRPUSD,0.4969,0.5113,0.4743,0.4873,6480182.17,3173706.09
1523145600.0,2018-04-08,XRPUSD,0.4851,0.5006,0.4837,0.4969,3230939.95,1597629.57
1523059200.0,2018-04-07,XRPUSD,0.4739,0.496,0.47,0.4851,4959521.4,2417929.69
1522972800.0,2018-04-06,XRPUSD,0.4875,0.4953,0.4587,0.4739,7309516.17,3447304.73
1522886400.0,2018-04-05,XRPUSD,0.4896,0.497,0.4747,0.4875,6505555.33,3155530.24
1522800000.0,2018-04-04,XRPUSD,0.5491,0.5536,0.485,0.4896,9659120.66,4924701.29
1522713600.0,2018-04-03,XRPUSD,0.493,0.5525,0.492,0.5491,13042738.64,6852999.63
1522627200.0,2018-04-02,XRPUSD,0.4788,0.5041,0.4715,0.493,8503564.36,4136093.4
1522540800.0,2018-04-01,XRPUSD,0.4984,0.5056,0.45,0.4788,10548911.19,5074114.85
1522454400.0,2018-03-31,XRPUSD,0.4984,0.521,0.492,0.4984,6326972.02,3203231.26
1522368000.0,2018-03-30,XRPUSD,0.5016,0.5234,0.4703,0.4984,17698321.52,8699355.19
1522281600.0,2018-03-29,XRPUSD,0.5724,0.574,0.4976,0.5016,16473231.9,8716604.88
1522195200.0,2018-03-28,XRPUSD,0.57,0.5879,0.5635,0.5724,4102113.08,2352143.73
1522108800.0,2018-03-27,XRPUSD,0.5873,0.602,0.557,0.57,8800351.79,5097709.83
1522022400.0,2018-03-26,XRPUSD,0.6355,0.6421,0.575,0.5873,10234758.31,6125397.59
1521936000.0,2018-03-25,XRPUSD,0.6282,0.654,0.621,0.6355,4076988.37,2585067.86
1521849600.0,2018-03-24,XRPUSD,0.64,0.6784,0.628,0.6282,6158772.44,4004677.44
1521763200.0,2018-03-23,XRPUSD,0.6544,0.6544,0.612,0.64,6826941.83,4289770.92
1521676800.0,2018-03-22,XRPUSD,0.6787,0.6909,0.61,0.6544,9409299.62,6149028.8
1521590400.0,2018-03-21,XRPUSD,0.7005,0.7098,0.66,0.6787,9980780.94,6875553.65
1521504000.0,2018-03-20,XRPUSD,0.7197,0.72,0.657,0.7005,14073719.43,9772278.7
1521417600.0,2018-03-19,XRPUSD,0.6484,0.7238,0.6261,0.7197,14833948.73,9962168.29
1521331200.0,2018-03-18,XRPUSD,0.6288,0.6747,0.5335,0.6484,22378475.42,13199981.92
1521244800.0,2018-03-17,XRPUSD,0.6778,0.6829,0.6133,0.6288,9494083.18,6163812.05
1521158400.0,2018-03-16,XRPUSD,0.6818,0.7097,0.6556,0.6778,8320403.76,5729518.01
1521072000.0,2018-03-15,XRPUSD,0.6851,0.7213,0.6252,0.6818,16812757.19,11184108.11
1520985600.0,2018-03-14,XRPUSD,0.7778,0.7888,0.6515,0.6851,13912364.57,9959270.8
1520899200.0,2018-03-13,XRPUSD,0.78,0.7984,0.7601,0.7778,5266016.97,4087372.94
1520812800.0,2018-03-12,XRPUSD,0.815,0.83,0.7628,0.78,6829400.92,5467015.38
1520726400.0,2018-03-11,XRPUSD,0.7741,0.8305,0.75,0.815,7411862.71,5892458.69
1520640000.0,2018-03-10,XRPUSD,0.8217,0.8438,0.7655,0.7741,5881250.96,4747311.71
1520553600.0,2018-03-09,XRPUSD,0.8058,0.845,0.7322,0.8217,22805907.47,17804321.36
1520467200.0,2018-03-08,XRPUSD,0.8519,0.8719,0.7923,0.8058,10783150.19,9007672.24
1520380800.0,2018-03-07,XRPUSD,0.9009,0.914,0.786,0.8519,17306668.53,14871707.83
1520294400.0,2018-03-06,XRPUSD,0.944,0.98,0.8916,0.9009,17198288.74,15952456.8
1520208000.0,2018-03-05,XRPUSD,1,1.1,0.9389,0.944,21549691.29,21845710.15
1520121600.0,2018-03-04,XRPUSD,0.8973,1.03,0.885,1,12464568.74,11942685.21
1520035200.0,2018-03-03,XRPUSD,0.8996,0.92,0.8905,0.8973,3776157.25,3414883.58
1519948800.0,2018-03-02,XRPUSD,0.9142,0.9212,0.8866,0.8996,3761470.36,3387461.87
1519862400.0,2018-03-01,XRPUSD,0.887,0.949,0.875,0.9142,6918167.36,6318935.07
1519776000.0,2018-02-28,XRPUSD,0.928,0.9479,0.88,0.887,5589015.53,5095523.61
1519689600.0,2018-02-27,XRPUSD,0.9273,0.96,0.9169,0.928,5823859.19,5464128.09
1519603200.0,2018-02-26,XRPUSD,0.9025,0.9527,0.878,0.9273,6992458.48,6423528.17
1519516800.0,2018-02-25,XRPUSD,0.9012,0.9262,0.8765,0.9025,4800640.49,4313855.25
1519430400.0,2018-02-24,XRPUSD,0.9369,0.972,0.8673,0.9012,7221243.71,6596916.99
1519344000.0,2018-02-23,XRPUSD,0.889,0.99,0.8501,0.9369,12734602.12,11797090.69
1519257600.0,2018-02-22,XRPUSD,0.9513,1.01,0.8536,0.889,16847344.31,15509935.86
1519171200.0,2018-02-21,XRPUSD,1.03,1.04,0.94,0.9513,16356453.49,16202417.74
1519084800.0,2018-02-20,XRPUSD,1.11,1.13,1,1.03,10252476.36,11018661.54
1518998400.0,2018-02-19,XRPUSD,1.07,1.14,1.07,1.11,5913471.48,6592652.88
1518912000.0,2018-02-18,XRPUSD,1.18,1.18,1.05,1.07,13222193.51,14668616.89
1518825600.0,2018-02-17,XRPUSD,1.12,1.21,1.1,1.18,12388033.21,14336736.98
1518739200.0,2018-02-16,XRPUSD,1.11,1.12,1.07,1.12,8233232.02,9051706.51
1518652800.0,2018-02-15,XRPUSD,1.13,1.15,1.08,1.11,17678743.78,19663673.31
1518566400.0,2018-02-14,XRPUSD,0.9825,1.16,0.9777,1.13,23790537.49,25304234.47
1518480000.0,2018-02-13,XRPUSD,1.04,1.05,0.966,0.9825,11068288.53,11073582.81
1518393600.0,2018-02-12,XRPUSD,0.9597,1.08,0.956,1.04,22060138.58,22785419.43
1518307200.0,2018-02-11,XRPUSD,1.03,1.04,0.893,0.9597,28293840.49,27270399.71
1518220800.0,2018-02-10,XRPUSD,0.9199,1.23,0.9035,1.03,61576576.04,64055602.05
1518134400.0,2018-02-09,XRPUSD,0.7784,0.929,0.7398,0.9199,26517169.99,22561574.76
1518048000.0,2018-02-08,XRPUSD,0.71,0.789,0.707,0.7784,18546230.76,13930076.81
1517961600.0,2018-02-07,XRPUSD,0.757,0.8262,0.6872,0.71,28578803.18,21693463.45
1517875200.0,2018-02-06,XRPUSD,0.672,0.7813,0.562,0.757,58275139.52,38743122.29
1517788800.0,2018-02-05,XRPUSD,0.807,0.831,0.621,0.672,48549955.6,34861923.01
1517702400.0,2018-02-04,XRPUSD,0.9523,0.961,0.77,0.807,21649305.41,18447527.9
1517616000.0,2018-02-03,XRPUSD,0.89,1.02,0.7621,0.9523,27894988.43,25277830.2
1517529600.0,2018-02-02,XRPUSD,0.9399,0.985,0.6183,0.89,65866071.09,53840853.55
1517443200.0,2018-02-01,XRPUSD,1.12,1.13,0.87,0.9399,32442612.3,31758102.71
1517356800.0,2018-01-31,XRPUSD,1.09,1.14,1,1.12,21826728.78,23598543.02
1517270400.0,2018-01-30,XRPUSD,1.26,1.26,1.06,1.09,28766071.86,33420036.2
1517184000.0,2018-01-29,XRPUSD,1.35,1.36,1.24,1.26,16294579.63,20953344.06
1517097600.0,2018-01-28,XRPUSD,1.21,1.4,1.21,1.35,18901407.39,24164463.25
1517011200.0,2018-01-27,XRPUSD,1.21,1.24,1.17,1.21,9375819.4,11336917.34
1516924800.0,2018-01-26,XRPUSD,1.3,1.33,1.11,1.21,25386745.56,30481021.11
1516838400.0,2018-01-25,XRPUSD,1.36,1.38,1.27,1.3,15577065.92,20670285.27
1516752000.0,2018-01-24,XRPUSD,1.34,1.42,1.29,1.36,24873620.03,33563535.7
1516665600.0,2018-01-23,XRPUSD,1.34,1.47,1.18,1.34,43776847.85,58140228.12
1516579200.0,2018-01-22,XRPUSD,1.37,1.42,1.14,1.34,39508916.89,49760692.01
1516492800.0,2018-01-21,XRPUSD,1.57,1.58,1.3,1.37,32806581.34,46286808.86
1516406400.0,2018-01-20,XRPUSD,1.54,1.64,1.49,1.57,21317363.91,33253331.79
1516320000.0,2018-01-19,XRPUSD,1.58,1.7,1.48,1.54,33542812.68,53182988.52
1516233600.0,2018-01-18,XRPUSD,1.32,1.75,1.23,1.58,63550999.24,96438498.06
1516147200.0,2018-01-17,XRPUSD,1.18,1.47,0.88,1.32,82441067.31,92358254.75
1516060800.0,2018-01-16,XRPUSD,1.66,1.7,0.837,1.18,71373463.27,90753692.88
1515974400.0,2018-01-15,XRPUSD,1.85,1.9,1.63,1.66,13373343.96,23995655.16
1515888000.0,2018-01-14,XRPUSD,2.03,2.08,1.8,1.85,11061589.79,21018543.13
1515801600.0,2018-01-13,XRPUSD,1.65,1.65,1.65,1.65,0.0,0.0
1515715200.0,2018-01-12,XRPUSD,1.65,1.65,1.65,1.65,0.0,0.0
1515628800.0,2018-01-11,XRPUSD,1.95,1.97,1.51,1.65,12698411.35,20974502.4
1515542400.0,2018-01-10,XRPUSD,2.02,2.1,1.6,1.95,23211754.28,43629376.01
1515456000.0,2018-01-09,XRPUSD,2.41,2.51,1.85,2.02,17336497.28,37857079.58
1515369600.0,2018-01-08,XRPUSD,2.76,2.76,2.1,2.41,11198029.76,27543981.45
1515283200.0,2018-01-07,XRPUSD,2.63,2.78,2.55,2.76,5498995.74,14810075.42
1515196800.0,2018-01-06,XRPUSD,2.5,2.83,2.46,2.63,8684928.43,23043987.66
1515110400.0,2018-01-05,XRPUSD,2.6,3,2.15,2.5,24120618.57,63029165.61
1515024000.0,2018-01-04,XRPUSD,2.78,3.35,2.34,2.6,27076427.24,81046558.24
1514937600.0,2018-01-03,XRPUSD,2.21,2.9,2.19,2.78,19203695.69,48019110.05
1514851200.0,2018-01-02,XRPUSD,2.1,2.22,1.93,2.21,11924071.43,24752610.18
1514764800.0,2018-01-01,XRPUSD,1.99,2.1,1.82,2.1,7967707.69,15563271.96
1514678400.0,2017-12-31,XRPUSD,1.89,2.1,1.6,1.99,17430762.51,32795366.81
1514592000.0,2017-12-30,XRPUSD,1.95,2.48,1.79,1.89,42478696.2,88874326.14
1514505600.0,2017-12-29,XRPUSD,1.28,1.95,1.27,1.95,40342132.86,65245746.66
1514419200.0,2017-12-28,XRPUSD,1.21,1.3,1.15,1.28,21684465.07,26738448.09
1514332800.0,2017-12-27,XRPUSD,1.08,1.3,1.06,1.21,26344167.67,30685491.84
1514246400.0,2017-12-26,XRPUSD,1,1.1,0.987,1.08,8992709.01,9310193.59
1514160000.0,2017-12-25,XRPUSD,0.9851,1.06,0.95,1,8119080.69,8115342.58
1514073600.0,2017-12-24,XRPUSD,1.03,1.06,0.8575,0.9851,16082707.59,15460967.43
1513987200.0,2017-12-23,XRPUSD,1.01,1.09,0.95,1.03,13552416.98,14121610.62
1513900800.0,2017-12-22,XRPUSD,1.1,1.25,0.68,1.01,35615087.86,35991292.02
1513814400.0,2017-12-21,XRPUSD,0.7195,1.17,0.705,1.1,40777710.11,37725736.7
1513728000.0,2017-12-20,XRPUSD,0.748,0.7644,0.65,0.7195,15422931.94,10884870.49
1513641600.0,2017-12-19,XRPUSD,0.751,0.84,0.7281,0.748,17293418.99,13568917.85
1513555200.0,2017-12-18,XRPUSD,0.7188,0.8,0.66,0.751,14340811.14,10518533.37
1513468800.0,2017-12-17,XRPUSD,0.7471,0.7857,0.7,0.7188,12536655.87,9236038.75
1513382400.0,2017-12-16,XRPUSD,0.749,0.835,0.732,0.7471,12910617.37,9898772.72
1513296000.0,2017-12-15,XRPUSD,0.87,0.885,0.6,0.749,21607149.3,16363517.27
1513209600.0,2017-12-14,XRPUSD,0.4788,0.9,0.46,0.87,27560150.06,18242797.71
1513123200.0,2017-12-13,XRPUSD,0.343,0.499,0.32,0.4788,33941490.0,14591435.96
1513036800.0,2017-12-12,XRPUSD,0.2434,0.41,0.243,0.343,34037765.95,10335748.43
1512950400.0,2017-12-11,XRPUSD,0.228,0.2481,0.228,0.2434,8655676.97,2098543.05
1512864000.0,2017-12-10,XRPUSD,0.2373,0.24,0.2222,0.228,4810734.13,1120260.33
1512777600.0,2017-12-09,XRPUSD,0.2381,0.249,0.2296,0.2373,8829395.09,2123871.24
1512691200.0,2017-12-08,XRPUSD,0.21,0.25,0.205,0.2381,15585136.0,3631900.65
1512604800.0,2017-12-07,XRPUSD,0.2272,0.2374,0.21,0.21,13648540.82,2987559.55
1512518400.0,2017-12-06,XRPUSD,0.2418,0.2425,0.224,0.2272,11288791.07,2628929.68
1512432000.0,2017-12-05,XRPUSD,0.25,0.2512,0.24,0.2418,9415085.43,2292318.99
1512345600.0,2017-12-04,XRPUSD,0.2457,0.2544,0.242,0.25,5298607.37,1308088.02
1512259200.0,2017-12-03,XRPUSD,0.2441,0.26,0.242,0.2457,5714042.15,1430741.53
1512172800.0,2017-12-02,XRPUSD,0.2535,0.2535,0.241,0.2441,4366132.85,1080107.03
1512086400.0,2017-12-01,XRPUSD,0.24,0.2668,0.229,0.2535,8150290.69,1994989.93
1512000000.0,2017-11-30,XRPUSD,0.2387,0.2499,0.22,0.24,12061439.36,2859429.63
1511913600.0,2017-11-29,XRPUSD,0.279,0.2796,0.231,0.2387,22252781.18,5716543.52
1511827200.0,2017-11-28,XRPUSD,0.245,0.2797,0.243,0.279,15800955.39,4088277.68
1511740800.0,2017-11-27,XRPUSD,0.2458,0.2485,0.2421,0.245,5987911.7,1463228.55
1511654400.0,2017-11-26,XRPUSD,0.2484,0.25,0.243,0.2458,4938137.68,1213892.64
1511568000.0,2017-11-25,XRPUSD,0.24,0.2499,0.2371,0.2484,6454873.1,1582936.05
1511481600.0,2017-11-24,XRPUSD,0.2413,0.2449,0.2324,0.24,6946677.65,1653414.98
1511395200.0,2017-11-23,XRPUSD,0.239,0.2488,0.2369,0.2413,9133259.44,2206750.29
1511308800.0,2017-11-22,XRPUSD,0.2322,0.2448,0.232,0.239,6564714.67,1556599.49
1511222400.0,2017-11-21,XRPUSD,0.2429,0.25,0.23,0.2322,8284358.29,1963137.13
1511136000.0,2017-11-20,XRPUSD,0.23,0.25,0.2294,0.2429,10049267.13,2406790.81
1511049600.0,2017-11-19,XRPUSD,0.2281,0.237,0.2238,0.23,5538844.08,1274370.97
1510963200.0,2017-11-18,XRPUSD,0.224,0.23,0.22,0.2281,5864068.85,1315972.12
1510876800.0,2017-11-17,XRPUSD,0.222,0.235,0.2102,0.224,8905941.58,2008776.15
1510790400.0,2017-11-16,XRPUSD,0.2086,0.267,0.205,0.222,34190477.17,8039584.77
1510704000.0,2017-11-15,XRPUSD,0.2036,0.2126,0.203,0.2086,5453438.23,1137534.16
1510617600.0,2017-11-14,XRPUSD,0.202,0.209,0.2,0.2036,7697690.74,1585640.43
1510531200.0,2017-11-13,XRPUSD,0.1954,0.2055,0.195,0.202,6216006.03,1238853.27
1510444800.0,2017-11-12,XRPUSD,0.2103,0.211,0.1895,0.1954,17398132.91,3452524.78
1510358400.0,2017-11-11,XRPUSD,0.2038,0.2135,0.201,0.2103,5878461.27,1221857.62
1510272000.0,2017-11-10,XRPUSD,0.2173,0.2214,0.2,0.2038,10965941.41,2312553.2
1510185600.0,2017-11-09,XRPUSD,0.2182,0.224,0.2123,0.2173,8226736.18,1803035.17
1510099200.0,2017-11-08,XRPUSD,0.2058,0.2236,0.2044,0.2182,6466946.44,1374914.73
1510012800.0,2017-11-07,XRPUSD,0.2033,0.208,0.2002,0.2058,4267519.62,866857.13
1509926400.0,2017-11-06,XRPUSD,0.201,0.207,0.198,0.2033,4451715.0,901775.11
1509840000.0,2017-11-05,XRPUSD,0.2011,0.2044,0.197,0.201,2587694.74,519049.54
1509753600.0,2017-11-04,XRPUSD,0.207,0.21,0.201,0.2011,3297360.82,671432.54
1509667200.0,2017-11-03,XRPUSD,0.197,0.2199,0.197,0.207,10280358.8,2137464.63
1509580800.0,2017-11-02,XRPUSD,0.1907,0.2049,0.18,0.197,9079809.75,1722795.02
1509494400.0,2017-11-01,XRPUSD,0.1991,0.2028,0.1903,0.1907,7622741.31,1503239.69
1509408000.0,2017-10-31,XRPUSD,0.2016,0.2049,0.199,0.1991,4370049.46,882088.47
1509321600.0,2017-10-30,XRPUSD,0.2018,0.205,0.2,0.2016,2374458.18,480375.82
1509235200.0,2017-10-29,XRPUSD,0.2014,0.205,0.1964,0.2018,4407702.55,882216.71
1509148800.0,2017-10-28,XRPUSD,0.2021,0.2031,0.198,0.2014,2588128.55,518596.81
1509062400.0,2017-10-27,XRPUSD,0.2028,0.205,0.2,0.2021,3403298.46,686448.76
1508976000.0,2017-10-26,XRPUSD,0.2032,0.2068,0.2005,0.2028,3363799.46,684573.34
1508889600.0,2017-10-25,XRPUSD,0.2054,0.2132,0.199,0.2032,4716298.17,955739.8
1508803200.0,2017-10-24,XRPUSD,0.1931,0.217,0.1851,0.2054,10537111.61,2168364.67
1508716800.0,2017-10-23,XRPUSD,0.2005,0.201,0.1869,0.1931,7957162.89,1527937.75
1508630400.0,2017-10-22,XRPUSD,0.212,0.212,0.212,0.212,0.0,0.0
1508544000.0,2017-10-21,XRPUSD,0.212,0.212,0.212,0.212,0.0,0.0
1508457600.0,2017-10-20,XRPUSD,0.2132,0.2249,0.2119,0.212,3350770.38,726516.54
1508371200.0,2017-10-19,XRPUSD,0.2179,0.23,0.2051,0.2132,11488032.97,2478405.97
1508284800.0,2017-10-18,XRPUSD,0.2289,0.2362,0.1999,0.2179,20914396.35,4537409.65
1508198400.0,2017-10-17,XRPUSD,0.258,0.266,0.2168,0.2289,24805009.11,6018767.17
1508112000.0,2017-10-16,XRPUSD,0.2655,0.2949,0.25,0.258,26014807.18,7093232.04
1508025600.0,2017-10-15,XRPUSD,0.2581,0.2689,0.25,0.2655,7751732.5,2020174.58
1507939200.0,2017-10-14,XRPUSD,0.2589,0.268,0.2549,0.2581,7179825.31,1869999.63
1507852800.0,2017-10-13,XRPUSD,0.2459,0.265,0.235,0.2589,13600999.73,3384331.7
1507766400.0,2017-10-12,XRPUSD,0.263,0.2658,0.2459,0.2459,13967721.41,3548053.78
1507680000.0,2017-10-11,XRPUSD,0.2575,0.2695,0.253,0.263,8166061.24,2129944.93
1507593600.0,2017-10-10,XRPUSD,0.249,0.273,0.2371,0.2575,14507530.58,3664636.37
1507507200.0,2017-10-09,XRPUSD,0.2775,0.2799,0.237,0.249,19654167.52,5128912.09
1507420800.0,2017-10-08,XRPUSD,0.2387,0.2799,0.2377,0.2775,18624051.96,4844172.78
1507334400.0,2017-10-07,XRPUSD,0.2336,0.2405,0.232,0.2387,6056278.08,1425054.55
1507248000.0,2017-10-06,XRPUSD,0.2382,0.244,0.2328,0.2336,11784353.96,2802733.03
1507161600.0,2017-10-05,XRPUSD,0.2139,0.2447,0.2136,0.2382,22426174.89,5147469.84
1507075200.0,2017-10-04,XRPUSD,0.2027,0.219,0.2015,0.2139,12260488.1,2579409.91
1506988800.0,2017-10-03,XRPUSD,0.203,0.2063,0.198,0.2027,4602371.45,927964.31
1506902400.0,2017-10-02,XRPUSD,0.2074,0.2094,0.2,0.203,6486502.75,1321427.62
1506816000.0,2017-10-01,XRPUSD,0.199,0.2097,0.196,0.2074,3826730.06,763263.47
1506729600.0,2017-09-30,XRPUSD,0.1964,0.2064,0.1951,0.199,6106168.46,1228054.64
1506643200.0,2017-09-29,XRPUSD,0.2021,0.2024,0.1877,0.1964,7115283.91,1390386.73
1506556800.0,2017-09-28,XRPUSD,0.2102,0.2107,0.197,0.2021,9806369.64,1994479.79
1506470400.0,2017-09-27,XRPUSD,0.1885,0.215,0.187,0.2102,15161946.48,3131572.47
1506384000.0,2017-09-26,XRPUSD,0.1856,0.194,0.1811,0.1885,5925264.46,1114196.55
1506297600.0,2017-09-25,XRPUSD,0.1764,0.187,0.175,0.1856,3798115.65,686875.57
1506211200.0,2017-09-24,XRPUSD,0.1782,0.1805,0.1742,0.1764,1916093.62,338407.27
1506124800.0,2017-09-23,XRPUSD,0.1727,0.182,0.1702,0.1782,4958456.76,877648.44
1506038400.0,2017-09-22,XRPUSD,0.1711,0.1777,0.1673,0.1727,4803231.36,825717.32
1505952000.0,2017-09-21,XRPUSD,0.1814,0.1839,0.17,0.1711,6541318.78,1156705.67
1505865600.0,2017-09-20,XRPUSD,0.1849,0.1888,0.1804,0.1814,5727406.16,1058160.93
1505779200.0,2017-09-19,XRPUSD,0.1949,0.195,0.184,0.1849,7078662.87,1328682.02
1505692800.0,2017-09-18,XRPUSD,0.1829,0.1968,0.1825,0.1949,9062645.62,1726734.79
1505606400.0,2017-09-17,XRPUSD,0.1844,0.188,0.1733,0.1829,6288867.62,1140626.72
1505520000.0,2017-09-16,XRPUSD,0.187,0.196,0.1777,0.1844,11929401.45,2231320.44
1505433600.0,2017-09-15,XRPUSD,0.1727,0.195,0.15,0.187,22352461.34,3940942.07
1505347200.0,2017-09-14,XRPUSD,0.2013,0.2029,0.1625,0.1727,20966563.83,3817569.47
1505260800.0,2017-09-13,XRPUSD,0.21,0.211,0.191,0.2013,11944034.38,2391033.58
1505174400.0,2017-09-12,XRPUSD,0.2162,0.2252,0.2058,0.21,7540254.8,1626954.73
1505088000.0,2017-09-11,XRPUSD,0.2203,0.2299,0.2075,0.2162,5900736.05,1284940.31
1505001600.0,2017-09-10,XRPUSD,0.2141,0.228,0.2046,0.2203,6871289.83,1485283.48
1504915200.0,2017-09-09,XRPUSD,0.2162,0.2169,0.207,0.2141,4709740.48,1007057.57
1504828800.0,2017-09-08,XRPUSD,0.2298,0.2317,0.207,0.2162,12237171.66,2676253.47
1504742400.0,2017-09-07,XRPUSD,0.2343,0.235,0.2203,0.2298,8418606.87,1927825.45
1504656000.0,2017-09-06,XRPUSD,0.2224,0.24,0.222,0.2343,10357593.31,2391627.53
1504569600.0,2017-09-05,XRPUSD,0.2114,0.229,0.199,0.2224,9330372.92,2006476.6
1504483200.0,2017-09-04,XRPUSD,0.2339,0.234,0.197,0.2114,15270879.65,3223590.67
1504396800.0,2017-09-03,XRPUSD,0.2282,0.24,0.221,0.2339,9714285.77,2241364.88
1504310400.0,2017-09-02,XRPUSD,0.2538,0.2545,0.223,0.2282,19046325.83,4488688.44
1504224000.0,2017-09-01,XRPUSD,0.26,0.265,0.2452,0.2538,19375296.58,4937449.06
1504137600.0,2017-08-31,XRPUSD,0.2324,0.267,0.228,0.26,23041765.5,5658634.54
1504051200.0,2017-08-30,XRPUSD,0.2217,0.2349,0.22,0.2324,9676977.25,2196029.75
1503964800.0,2017-08-29,XRPUSD,0.2249,0.23,0.212,0.2217,12394868.26,2734919.83
1503878400.0,2017-08-28,XRPUSD,0.2018,0.24,0.1932,0.2249,28435501.71,6123157.7
1503792000.0,2017-08-27,XRPUSD,0.2101,0.212,0.193,0.2018,11339222.54,2279927.95
1503705600.0,2017-08-26,XRPUSD,0.2182,0.2333,0.2066,0.2101,10551635.15,2301748.37
1503619200.0,2017-08-25,XRPUSD,0.2185,0.235,0.2038,0.2182,17914140.47,3888305.12
1503532800.0,2017-08-24,XRPUSD,0.2466,0.2894,0.212,0.2185,37189662.75,9248108.0
1503446400.0,2017-08-23,XRPUSD,0.2412,0.299,0.221,0.2466,45491284.95,12251375.91
1503360000.0,2017-08-22,XRPUSD,0.1967,0.2646,0.175,0.2412,33838275.35,7343959.33
1503273600.0,2017-08-21,XRPUSD,0.1594,0.21,0.1525,0.1967,18507714.59,3280915.99
1503187200.0,2017-08-20,XRPUSD,0.1563,0.1625,0.1516,0.1594,4991797.28,782442.21
1503100800.0,2017-08-19,XRPUSD,0.1571,0.1625,0.1485,0.1563,6447708.36,998149.49
1503014400.0,2017-08-18,XRPUSD,0.1582,0.1729,0.15,0.1571,10179143.96,1622579.36
1502928000.0,2017-08-17,XRPUSD,0.1605,0.1625,0.152,0.1582,5517889.4,875727.64
1502841600.0,2017-08-16,XRPUSD,0.159,0.1612,0.15,0.1605,10175291.84,1580752.24
1502755200.0,2017-08-15,XRPUSD,0.1689,0.1694,0.1538,0.159,10089466.68,1624444.57
1502668800.0,2017-08-14,XRPUSD,0.1665,0.1805,0.1651,0.1689,7283368.65,1248701.68
1502582400.0,2017-08-13,XRPUSD,0.172,0.175,0.158,0.1665,10205615.71,1702067.5
1502496000.0,2017-08-12,XRPUSD,0.1792,0.1838,0.1715,0.172,8584514.2,1516486.73
1502409600.0,2017-08-11,XRPUSD,0.1832,0.188,0.1761,0.1792,7282490.44,1317286.84
1502323200.0,2017-08-10,XRPUSD,0.187,0.187,0.1815,0.1832,5057204.74,933115.13
1502236800.0,2017-08-09,XRPUSD,0.1979,0.1979,0.1834,0.187,7200290.77,1358512.85
1502150400.0,2017-08-08,XRPUSD,0.1785,0.1979,0.177,0.1979,11522878.67,2135819.93
1502064000.0,2017-08-07,XRPUSD,0.1811,0.1827,0.1765,0.1785,6737820.86,1210690.44
1501977600.0,2017-08-06,XRPUSD,0.1849,0.1914,0.179,0.1811,7113617.86,1310553.32
1501891200.0,2017-08-05,XRPUSD,0.1745,0.195,0.172,0.1849,11753654.76,2149791.11
1501804800.0,2017-08-04,XRPUSD,0.175,0.1774,0.1719,0.1745,5567844.45,972435.27
1501718400.0,2017-08-03,XRPUSD,0.1719,0.1777,0.1695,0.175,4660312.11,806952.52
1501632000.0,2017-08-02,XRPUSD,0.1774,0.1807,0.1674,0.1719,7497825.05,1304521.47
1501545600.0,2017-08-01,XRPUSD,0.1651,0.185,0.164,0.1774,10534672.44,1819609.61
1501459200.0,2017-07-31,XRPUSD,0.1647,0.1695,0.1583,0.1651,4776988.49,782237.84
1501372800.0,2017-07-30,XRPUSD,0.1703,0.1729,0.1622,0.1647,2224800.44,369350.84
1501286400.0,2017-07-29,XRPUSD,0.1639,0.171,0.155,0.1703,5855421.37,945482.81
1501200000.0,2017-07-28,XRPUSD,0.1726,0.1743,0.1611,0.1639,6318135.56,1065931.85
1501113600.0,2017-07-27,XRPUSD,0.1726,0.176,0.1701,0.1726,4160664.03,720780.6
1501027200.0,2017-07-26,XRPUSD,0.1736,0.1795,0.1626,0.1726,7280514.8,1244412.65
1500940800.0,2017-07-25,XRPUSD,0.1911,0.193,0.16,0.1736,9110302.43,1614704.32
1500854400.0,2017-07-24,XRPUSD,0.1973,0.199,0.19,0.1911,3493302.04,677013.82
1500768000.0,2017-07-23,XRPUSD,0.1975,0.2075,0.188,0.1973,8098776.31,1593728.16
1500681600.0,2017-07-22,XRPUSD,0.1838,0.205,0.1816,0.1975,6429708.61,1237253.82
1500595200.0,2017-07-21,XRPUSD,0.1912,0.195,0.1813,0.1838,9299542.13,1748370.99
1500508800.0,2017-07-20,XRPUSD,0.163,0.197,0.1592,0.1912,10621581.21,1917342.15
1500422400.0,2017-07-19,XRPUSD,0.1791,0.1834,0.158,0.163,7414531.69,1276716.55
1500336000.0,2017-07-18,XRPUSD,0.1728,0.19,0.16,0.1791,11134342.84,1944182.42
1500249600.0,2017-07-17,XRPUSD,0.1469,0.1735,0.1447,0.1728,11402185.19,1809829.33
1500163200.0,2017-07-16,XRPUSD,0.1717,0.175,0.1266,0.1469,17808413.72,2572995.17
1500076800.0,2017-07-15,XRPUSD,0.1837,0.1873,0.1702,0.1717,4699100.57,829199.04
1499990400.0,2017-07-14,XRPUSD,0.1916,0.192,0.1722,0.1837,4944279.58,894852.18
1499904000.0,2017-07-13,XRPUSD,0.1951,0.2183,0.18,0.1916,8082045.02,1611490.7
1499817600.0,2017-07-12,XRPUSD,0.1771,0.1971,0.165,0.1951,10380309.77,1922680.33
1499731200.0,2017-07-11,XRPUSD,0.1898,0.2,0.1501,0.1771,20330198.74,3513514.45
1499644800.0,2017-07-10,XRPUSD,0.2258,0.2276,0.1701,0.1898,12073986.52,2498019.36
1499558400.0,2017-07-09,XRPUSD,0.23,0.2423,0.2254,0.2258,4483771.46,1053737.92
1499472000.0,2017-07-08,XRPUSD,0.2308,0.2327,0.2105,0.23,17691507.07,3950497.2
1499385600.0,2017-07-07,XRPUSD,0.2503,0.252,0.2295,0.2308,5070964.72,1200793.23
1499299200.0,2017-07-06,XRPUSD,0.253,0.2541,0.2481,0.2503,2071451.28,518518.51
1499212800.0,2017-07-05,XRPUSD,0.247,0.2574,0.243,0.253,3494546.93,871379.75
1499126400.0,2017-07-04,XRPUSD,0.2524,0.258,0.2461,0.247,3747998.04,948437.78
1499040000.0,2017-07-03,XRPUSD,0.2545,0.2566,0.245,0.2524,4215987.48,1051476.23
1498953600.0,2017-07-02,XRPUSD,0.2369,0.2553,0.2275,0.2545,3805208.02,920290.01
1498867200.0,2017-07-01,XRPUSD,0.244,0.25,0.227,0.2369,3003195.03,724180.75
1498780800.0,2017-06-30,XRPUSD,0.2578,0.26,0.2436,0.244,3011724.96,764066.25
1498694400.0,2017-06-29,XRPUSD,0.269,0.27,0.25,0.2578,2590053.32,672743.65
1498608000.0,2017-06-28,XRPUSD,0.261,0.27,0.2464,0.269,4298694.0,1115929.1
1498521600.0,2017-06-27,XRPUSD,0.244,0.261,0.22,0.261,5344430.27,1287678.81
1498435200.0,2017-06-26,XRPUSD,0.2552,0.2647,0.21,0.244,8424160.13,2002750.66
1498348800.0,2017-06-25,XRPUSD,0.2776,0.28,0.243,0.2552,5789536.75,1536363.94
1498262400.0,2017-06-24,XRPUSD,0.2936,0.3029,0.263,0.2776,3558458.93,1002447.61
1498176000.0,2017-06-23,XRPUSD,0.272,0.295,0.272,0.2936,2605256.97,742947.14
1498089600.0,2017-06-22,XRPUSD,0.2731,0.28,0.26,0.272,4700831.1,1269953.95
1498003200.0,2017-06-21,XRPUSD,0.3024,0.3099,0.2512,0.2731,5406928.21,1524163.7
